# Blender 5.2.1 LTS
# www.blender.org
mtllib DesertEagle.mtl
o Palanca
v -0.019985 0.118643 0.004312
v -0.028663 0.120968 0.004312
v -0.030666 0.115458 0.004312
v -0.021362 0.113504 0.004312
v -0.021362 0.113504 -0.002875
v -0.030666 0.115458 -0.002875
v -0.028663 0.120968 -0.002875
v -0.019985 0.118643 -0.002875
v -0.018462 0.122891 -0.002875
v -0.027213 0.125661 -0.002875
v -0.027213 0.125661 0.004312
v -0.018462 0.122891 0.004312
v -0.039305 0.121717 0.004312
v -0.039839 0.126331 0.004312
v -0.039839 0.126331 -0.002875
v -0.039305 0.121717 -0.002875
v -0.004005 0.108854 -0.002875
v -0.002629 0.113992 -0.002875
v -0.002629 0.113992 0.004313
v -0.004005 0.108854 0.004313
v -0.023365 0.107994 -0.002875
v -0.027516 0.112032 -0.002875
v -0.005382 0.103715 0.004313
v -0.005382 0.103715 -0.002875
v -0.027516 0.112032 0.004312
v -0.023365 0.107994 0.004312
v -0.035891 0.127987 -0.002875
v -0.035891 0.127987 0.004312
v -0.006759 0.098576 -0.002875
v -0.006759 0.098576 0.004313
v -0.009857 0.121011 -0.002875
v -0.005381 0.117884 -0.002875
v -0.009857 0.121011 0.004313
v -0.005381 0.117884 0.004313
v -0.012684 0.111179 0.004313
v -0.014061 0.106040 0.004312
v -0.017824 0.102567 0.004312
v -0.015437 0.100902 0.004312
v -0.017824 0.102567 -0.002875
v -0.015437 0.100902 -0.002875
v -0.014061 0.106040 -0.002875
v -0.012684 0.111179 -0.002875
vn -0.0000 -0.0000 1.0000
vn -0.0000 -0.0000 -1.0000
vn 0.3018 0.9534 -0.0000
vn -0.9934 -0.1151 -0.0000
vn 0.9659 -0.2588 -0.0000
vn -0.3867 0.9222 -0.0000
vn 0.2135 0.9770 -0.0000
vn -0.5724 -0.8200 -0.0000
vn 0.2588 0.9659 -0.0000
vn -0.2588 -0.9659 -0.0000
vn 0.8164 0.5775 -0.0000
vn 0.5727 0.8197 -0.0000
vn -0.6997 -0.7145 -0.0000
vn -0.6985 -0.7156 -0.0000
vn -0.7360 -0.6769 -0.0000
vn -0.6973 -0.7167 -0.0000
vn -0.5867 -0.8098 -0.0000
vt 0.031250 0.984375
vt 0.015625 0.984375
vt 0.015625 0.968750
vt 0.031250 0.968750
vt 0.046875 0.968750
vt 0.046875 0.984375
vt 0.000000 0.968750
vt 0.000000 0.953125
vt 0.062500 0.953125
vt 0.062500 0.968750
vt 0.062500 0.984375
vt 0.000000 0.984375
vt 0.031250 0.953125
vt 0.046875 0.953125
vt 0.015625 0.953125
vt 0.046875 1.000000
vt 0.031250 1.000000
vt 0.000000 1.000000
vt 0.062500 1.000000
vt 0.015625 1.000000
vt 0.062500 0.937500
vt 0.000000 0.937500
vt 0.031250 0.937500
vt 0.046875 0.937500
vt 0.015625 0.937500
vt 0.000000 0.921875
vt 0.062500 0.921875
s 1
usemtl none.001
f 1/1/1 2/2/1 3/3/1 4/4/1
f 5/4/2 6/5/2 7/6/2 8/1/2
f 9/7/3 10/8/3 11/9/3 12/10/3
f 13/10/4 14/11/4 15/12/4 16/7/4
f 17/10/5 18/11/5 19/12/5 20/7/5
f 21/13/2 22/14/2 6/5/2 5/4/2
f 20/7/5 23/8/5 24/9/5 17/10/5
f 4/4/1 3/3/1 25/15/1 26/13/1
f 8/1/2 7/6/2 10/16/2 9/17/2
f 27/18/6 15/12/6 14/11/6 28/19/6
f 12/17/1 11/20/1 2/2/1 1/1/1
f 29/21/5 24/9/5 23/8/5 30/22/5
f 9/17/2 31/20/2 32/2/2 8/1/2
f 12/10/7 33/11/7 31/12/7 9/7/7
f 1/1/1 34/6/1 33/16/1 12/17/1
f 4/4/1 35/5/1 34/6/1 1/1/1
f 26/13/1 36/14/1 35/5/1 4/4/1
f 37/23/1 38/24/1 36/14/1 26/13/1
f 39/7/8 40/8/8 38/9/8 37/10/8
f 21/13/2 41/15/2 40/25/2 39/23/2
f 5/4/2 42/3/2 41/15/2 21/13/2
f 8/1/2 32/2/2 42/3/2 5/4/2
f 15/11/2 7/6/2 6/5/2 16/10/2
f 13/7/1 3/3/1 2/2/1 14/12/1
f 14/12/1 2/2/1 11/20/1 28/18/1
f 28/21/9 11/9/9 10/8/9 27/22/9
f 27/19/2 10/16/2 7/6/2 15/11/2
f 19/11/1 34/6/1 35/5/1 20/10/1
f 20/10/1 35/5/1 36/14/1 23/9/1
f 23/9/1 36/14/1 38/24/1 30/21/1
f 30/21/10 38/9/10 40/8/10 29/22/10
f 29/22/2 40/25/2 41/15/2 24/8/2
f 24/8/2 41/15/2 42/3/2 17/7/2
f 17/7/2 42/3/2 32/2/2 18/12/2
f 32/26/11 34/27/11 19/19/11 18/18/11
f 31/19/12 33/18/12 34/26/12 32/27/12
f 39/26/13 37/27/13 26/19/14 21/18/14
f 3/19/15 6/18/15 22/26/15 25/27/15
f 21/26/14 26/27/14 25/19/16 22/18/16
f 13/19/17 16/18/17 6/26/17 3/27/17
o Cuerpo
v 0.187831 0.135922 -0.002875
v 0.195019 0.135922 -0.002875
v 0.195019 0.135203 -0.002875
v 0.187831 0.135203 -0.002875
v 0.195019 0.135203 0.004313
v 0.195019 0.135922 0.004313
v 0.187831 0.135922 0.004313
v 0.187831 0.135203 0.004313
v 0.195019 0.140953 -0.001977
v 0.195019 0.135203 -0.001977
v 0.184956 0.135203 -0.001977
v 0.187831 0.140953 -0.001977
v 0.195019 0.135203 0.003414
v 0.195019 0.140953 0.003414
v 0.187831 0.140953 0.003414
v 0.184956 0.135203 0.003414
v 0.187149 0.092161 0.008625
v 0.187153 0.089466 0.010781
v 0.187153 0.089466 0.008266
v 0.187149 0.092161 0.006648
v 0.187149 0.092161 0.000719
v 0.187153 0.089466 0.000719
v 0.187153 0.089466 -0.006828
v 0.187149 0.092161 -0.005211
v 0.187141 0.096114 -0.006828
v 0.068547 0.096105 -0.006828
v 0.068547 0.096105 0.000719
v 0.187141 0.096114 0.000719
v 0.187157 0.085333 0.000719
v 0.068563 0.084138 0.000719
v 0.068563 0.084138 -0.006828
v 0.187157 0.085333 -0.006828
v 0.187153 0.089466 -0.009344
v 0.068559 0.089457 -0.009344
v 0.068555 0.092152 -0.007187
v 0.187149 0.092161 -0.007187
v 0.187141 0.096114 0.008266
v 0.068547 0.096105 0.008266
v 0.068547 0.096105 0.010781
v 0.187141 0.096114 0.010781
v 0.068555 0.092152 0.008625
v 0.068559 0.089457 0.010781
v 0.187157 0.086770 0.010781
v 0.068563 0.086761 0.010781
v 0.068563 0.084138 0.008266
v 0.187157 0.085333 0.008266
v 0.187145 0.094856 0.008625
v 0.068551 0.094847 0.008625
v 0.187145 0.094856 0.006648
v 0.187145 0.094856 -0.005211
v 0.187145 0.094856 0.000719
v 0.068551 0.094847 -0.007187
v 0.187145 0.094856 -0.007187
v 0.187141 0.096114 -0.009344
v 0.068547 0.096105 -0.009344
v 0.068563 0.086761 -0.009344
v 0.187157 0.086770 -0.009344
v 0.043395 0.094845 -0.012937
v 0.043399 0.092150 -0.011500
v 0.043403 0.089455 -0.013656
v 0.043407 0.086760 -0.013656
v 0.043407 0.083885 -0.011141
v 0.043407 0.083885 0.000719
v 0.043407 0.083885 0.012578
v 0.043407 0.086760 0.015094
v 0.043403 0.089455 0.015094
v 0.043399 0.092150 0.012938
v 0.043395 0.094845 0.014375
v 0.043391 0.096103 0.015813
v 0.043391 0.096103 0.008266
v 0.043391 0.096103 0.000719
v 0.043391 0.096103 -0.006828
v 0.043391 0.096103 -0.014375
v 0.043407 0.085322 0.015813
v -0.012461 0.085198 0.015812
v -0.009962 0.071380 0.015812
v 0.040127 0.071072 0.015813
v 0.040127 0.071072 -0.014375
v -0.009962 0.071380 -0.014375
v -0.012461 0.085198 -0.014375
v 0.043407 0.085322 -0.014375
v 0.043391 0.096103 0.008266
v -0.032078 0.095979 0.005391
v -0.032078 0.095979 0.015094
v 0.043391 0.096103 0.015813
v 0.030743 -0.000935 0.015813
v -0.029698 -0.001712 0.015812
v -0.029698 -0.001712 0.008266
v 0.030743 -0.000935 0.008266
v -0.018050 0.085185 0.015812
v -0.018050 0.085185 0.008266
v -0.014973 0.071410 0.008266
v -0.014973 0.071410 0.015812
v 0.040127 0.071072 0.008266
v 0.043407 0.085322 0.008266
v 0.043391 0.096103 -0.006828
v -0.032078 0.095979 -0.003953
v -0.032078 0.095979 0.000719
v 0.043391 0.096103 0.000719
v 0.040127 0.071072 0.000719
v 0.040127 0.071072 -0.006828
v 0.043407 0.085322 -0.006828
v 0.043407 0.085322 0.000719
v 0.030743 -0.000935 0.000719
v -0.029698 -0.001712 0.000719
v -0.029698 -0.001712 -0.006828
v 0.030743 -0.000935 -0.006828
v -0.018050 0.085185 0.000719
v -0.018050 0.085185 -0.006828
v -0.014973 0.071410 -0.006828
v -0.014973 0.071410 0.000719
v 0.026190 0.010511 -0.014375
v -0.027110 0.012653 -0.014375
v 0.026190 0.010511 0.000719
v 0.026190 0.010511 -0.006828
v 0.026190 0.010511 0.015813
v 0.026190 0.010511 0.008266
v -0.027110 0.012653 0.015812
v -0.032443 0.012868 0.008266
v -0.032443 0.012868 0.015812
v -0.032443 0.012868 -0.006828
v -0.032443 0.012868 0.000719
v 0.030743 -0.000935 -0.014375
v -0.029698 -0.001712 -0.014375
v -0.035745 -0.001790 0.008266
v -0.035745 -0.001790 0.015812
v -0.035745 -0.001790 -0.006828
v -0.035745 -0.001790 0.000719
v -0.028839 0.090576 0.015812
v -0.028839 0.090576 0.008266
v 0.043399 0.090713 0.015813
v -0.022269 0.090588 0.015812
v -0.028839 0.090576 0.000719
v -0.028839 0.090576 -0.006828
v -0.022269 0.090588 -0.014375
v 0.043399 0.090713 -0.014375
v -0.050028 0.095287 0.000719
v -0.050028 0.095287 -0.003953
v -0.057208 0.091334 -0.003953
v -0.057208 0.091334 0.000719
v -0.050028 0.095287 0.012938
v -0.050028 0.095287 0.005391
v -0.057208 0.091334 0.005391
v -0.057208 0.091334 0.010781
v -0.032078 0.095979 -0.013656
v 0.043391 0.096103 -0.014375
v -0.039628 0.095966 0.015094
v -0.039628 0.095966 0.005391
v -0.057208 0.091334 -0.009344
v -0.050028 0.095287 -0.011500
v -0.039628 0.095966 -0.013656
v -0.028839 0.090576 -0.014375
v -0.039628 0.095966 0.000719
v -0.039628 0.095966 -0.003953
v -0.035745 -0.001790 -0.014375
v -0.032443 0.012868 -0.014375
v -0.014973 0.071410 -0.014375
v -0.018050 0.085185 -0.014375
v -0.037484 0.098841 -0.006828
v -0.029934 0.103166 -0.006828
v -0.029934 0.103166 -0.013656
v -0.037484 0.098841 -0.013656
v -0.037484 0.098841 0.015094
v -0.029934 0.103166 0.015094
v -0.029934 0.103166 0.008266
v -0.037484 0.098841 0.008266
v 0.043399 0.090713 0.008266
v 0.043399 0.090713 0.015813
v 0.043399 0.090713 0.000719
v 0.043399 0.090713 -0.006828
v 0.043399 0.090713 -0.014375
v 0.073550 0.081297 0.008385
v 0.073550 0.059735 0.008385
v 0.080737 0.059735 0.008385
v 0.080737 0.081297 0.008385
v 0.080737 0.081297 -0.006948
v 0.080737 0.059735 -0.006948
v 0.073550 0.059735 -0.006948
v 0.073550 0.081297 -0.006948
v 0.066362 0.088485 -0.008625
v 0.066362 0.088485 0.010063
v 0.087925 0.088485 0.010063
v 0.087925 0.088485 -0.008625
v 0.200050 0.103219 0.015813
v 0.176331 0.103219 0.015813
v 0.176331 0.098907 0.015813
v 0.197894 0.098907 0.015813
v 0.176331 0.098907 -0.014375
v 0.176331 0.103219 -0.014375
v 0.200050 0.103219 -0.014375
v 0.197894 0.098907 -0.014375
v 0.176331 0.133766 -0.012937
v 0.176331 0.135203 -0.009344
v 0.200769 0.135203 -0.009344
v 0.200769 0.133766 -0.012937
v 0.197894 0.096032 -0.009344
v 0.176331 0.096032 -0.009344
v 0.176331 0.103219 -0.009344
v 0.200050 0.103219 -0.009344
v 0.176331 0.115797 -0.009344
v 0.176331 0.115797 -0.014375
v 0.202925 0.115797 0.015813
v 0.176331 0.115797 0.015813
v 0.202925 0.115797 -0.014375
v 0.202925 0.115797 -0.009344
v 0.057737 0.096032 0.005750
v 0.057737 0.096032 0.010781
v 0.057737 0.103219 0.010781
v 0.057737 0.103219 0.005750
v 0.057737 0.103219 -0.004313
v 0.057737 0.096032 -0.004313
v 0.197894 0.096032 0.005750
v 0.197894 0.096032 0.010781
v 0.176331 0.096032 0.010781
v 0.176331 0.096032 0.005750
v 0.176331 0.096032 -0.004312
v 0.197894 0.096032 -0.004312
v 0.200050 0.103219 0.005750
v 0.200050 0.103219 0.010781
v 0.200050 0.103219 -0.004312
v 0.202925 0.115797 0.005750
v 0.202925 0.115797 0.010781
v 0.202925 0.115797 -0.004312
v 0.176331 0.136641 0.005750
v 0.176331 0.135203 0.010781
v 0.200769 0.135203 0.010781
v 0.200769 0.136641 0.005750
v 0.200769 0.136641 -0.004312
v 0.176331 0.136641 -0.004312
v 0.057737 0.115797 0.010781
v 0.057737 0.115797 0.005750
v 0.057737 0.115797 -0.004313
v 0.176331 0.103219 0.010781
v 0.200769 0.133766 0.014375
v 0.176331 0.133766 0.014375
v 0.176331 0.115797 0.010781
v 0.057737 0.103219 -0.009344
v 0.057737 0.096032 -0.009344
v 0.057737 0.115797 -0.009344
v 0.176331 0.126502 -0.010062
v 0.201640 0.126502 -0.010062
v 0.057737 0.126502 -0.009344
v 0.057737 0.126502 -0.010062
v 0.057737 0.115797 -0.014375
v 0.057737 0.126502 -0.004313
v 0.057737 0.126502 0.005750
v 0.057737 0.126502 0.010781
v 0.057737 0.115797 0.015813
v 0.057737 0.126502 0.011500
v 0.201640 0.126502 0.011500
v 0.176331 0.126502 0.011500
v 0.201640 0.126502 0.010781
v 0.203051 0.119911 0.004518
v 0.203051 0.126463 0.004518
v 0.202974 0.126463 0.007367
v 0.203051 0.122786 0.007367
v 0.203051 0.119911 -0.003080
v 0.203051 0.126463 -0.003080
v 0.203051 0.122544 -0.005930
v 0.203051 0.126463 -0.005930
v 0.201640 0.126502 -0.009344
v 0.164472 0.136641 0.005750
v 0.158542 0.136641 0.005750
v 0.158542 0.135203 0.010781
v 0.164472 0.135203 0.010781
v 0.164472 0.096032 -0.009344
v 0.158542 0.096032 -0.009344
v 0.158542 0.103219 -0.009344
v 0.164472 0.103219 -0.009344
v 0.164472 0.096032 -0.004312
v 0.158542 0.096032 -0.004312
v 0.164472 0.096032 0.005750
v 0.158542 0.096032 0.005750
v 0.158542 0.115797 -0.009344
v 0.164472 0.115797 -0.009344
v 0.164472 0.136641 -0.004312
v 0.158542 0.136641 -0.004312
v 0.164472 0.135203 -0.009344
v 0.158542 0.135203 -0.009344
v 0.164472 0.115797 -0.014375
v 0.158542 0.115797 -0.014375
v 0.158542 0.126502 -0.010062
v 0.164472 0.126502 -0.010062
v 0.164472 0.133766 -0.012937
v 0.158542 0.133766 -0.012937
v 0.164472 0.115797 0.015813
v 0.158542 0.115797 0.015813
v 0.158542 0.115797 0.010781
v 0.164472 0.115797 0.010781
v 0.164472 0.126502 0.011500
v 0.158542 0.126502 0.011500
v 0.158542 0.133766 0.014375
v 0.164472 0.133766 0.014375
v 0.158542 0.103219 0.010781
v 0.164472 0.103219 0.010781
v 0.164472 0.096032 0.010781
v 0.158542 0.096032 0.010781
v 0.201204 0.130134 -0.011500
v 0.201204 0.130853 -0.009344
v 0.176331 0.130134 -0.011500
v 0.158542 0.130134 -0.011500
v 0.164472 0.130134 -0.011500
v 0.057737 0.130853 -0.009344
v 0.057737 0.130134 -0.011500
v 0.057737 0.131571 -0.004313
v 0.057737 0.131571 0.005750
v 0.057737 0.130853 0.010781
v 0.057737 0.130134 0.012938
v 0.164472 0.130134 0.012938
v 0.158542 0.130134 0.012938
v 0.201204 0.130134 0.012938
v 0.176331 0.130134 0.012938
v 0.201204 0.130853 0.010781
v 0.203051 0.129566 0.004518
v 0.203013 0.128121 0.007367
v 0.203051 0.129566 -0.003080
v 0.203051 0.128121 -0.005930
v 0.201640 0.126463 0.007367
v 0.201313 0.128121 0.007367
v 0.200986 0.129779 0.007367
v 0.200986 0.132669 0.004518
v 0.201313 0.128121 -0.005930
v 0.201640 0.126463 -0.005930
v 0.200986 0.132669 -0.003080
v 0.200986 0.129779 -0.005930
v 0.202604 0.119911 -0.003080
v 0.202604 0.119911 0.004518
v 0.201885 0.122786 -0.005930
v 0.201885 0.122786 0.007367
v 0.203051 0.129779 0.007367
v 0.203051 0.132668 0.004518
v 0.203051 0.132668 -0.003080
v 0.203051 0.129779 -0.005930
v 0.057737 0.135203 0.010781
v 0.081456 0.135203 0.010781
v 0.081456 0.136641 0.005750
v 0.057737 0.136641 0.005750
v 0.093548 0.134257 0.009860
v 0.099013 0.134257 0.009860
v 0.099013 0.136016 0.005290
v 0.093548 0.136016 0.005290
v 0.117267 0.134257 0.009860
v 0.122731 0.134257 0.009860
v 0.122731 0.136016 0.005290
v 0.117267 0.136016 0.005290
v 0.140985 0.134258 0.009860
v 0.146450 0.134258 0.009860
v 0.146450 0.136016 0.005290
v 0.140985 0.136016 0.005290
v 0.081456 0.136641 -0.004313
v 0.057737 0.136641 -0.004313
v 0.099013 0.136016 -0.003852
v 0.093548 0.136016 -0.003852
v 0.122731 0.136016 -0.003852
v 0.117267 0.136016 -0.003852
v 0.146450 0.136016 -0.003852
v 0.140985 0.136016 -0.003852
v 0.081456 0.135203 -0.009344
v 0.057737 0.135203 -0.009344
v 0.099013 0.134257 -0.008423
v 0.093548 0.134257 -0.008423
v 0.122731 0.134257 -0.008423
v 0.117267 0.134257 -0.008423
v 0.146450 0.134258 -0.008423
v 0.140985 0.134258 -0.008423
v 0.081456 0.133766 -0.012937
v 0.057737 0.133766 -0.012937
v 0.099013 0.132499 -0.011688
v 0.093548 0.132499 -0.011688
v 0.122731 0.132499 -0.011688
v 0.117267 0.132499 -0.011688
v 0.146450 0.132499 -0.011687
v 0.140985 0.132499 -0.011687
v 0.081456 0.130134 -0.011500
v 0.081456 0.126502 -0.010062
v 0.093315 0.130134 -0.011500
v 0.099245 0.130134 -0.011500
v 0.099245 0.126502 -0.010062
v 0.093315 0.126502 -0.010062
v 0.117034 0.126502 -0.010062
v 0.117034 0.130134 -0.011500
v 0.122964 0.130134 -0.011500
v 0.122964 0.126502 -0.010062
v 0.140753 0.126502 -0.010062
v 0.140753 0.130134 -0.011500
v 0.146683 0.130134 -0.011500
v 0.146683 0.126502 -0.010062
v 0.081456 0.115797 -0.014375
v 0.099245 0.115797 -0.014375
v 0.093315 0.115797 -0.014375
v 0.122964 0.115797 -0.014375
v 0.117034 0.115797 -0.014375
v 0.146683 0.115797 -0.014375
v 0.140753 0.115797 -0.014375
v 0.081456 0.115797 -0.009344
v 0.099245 0.115797 -0.009344
v 0.093315 0.115797 -0.009344
v 0.122964 0.115797 -0.009344
v 0.117034 0.115797 -0.009344
v 0.146683 0.115797 -0.009344
v 0.140753 0.115797 -0.009344
v 0.081456 0.103219 -0.009344
v 0.099245 0.103219 -0.009344
v 0.093315 0.103219 -0.009344
v 0.122964 0.103219 -0.009344
v 0.117034 0.103219 -0.009344
v 0.146683 0.103219 -0.009344
v 0.140753 0.103219 -0.009344
v 0.081456 0.096032 -0.009344
v 0.099245 0.096032 -0.009344
v 0.093315 0.096032 -0.009344
v 0.122964 0.096032 -0.009344
v 0.117034 0.096032 -0.009344
v 0.146683 0.096032 -0.009344
v 0.140753 0.096032 -0.009344
v 0.081456 0.096032 -0.004313
v 0.099245 0.096032 -0.004312
v 0.093315 0.096032 -0.004313
v 0.122964 0.096032 -0.004312
v 0.117034 0.096032 -0.004312
v 0.146683 0.096032 -0.004312
v 0.140753 0.096032 -0.004312
v 0.081456 0.096032 0.005750
v 0.099245 0.096032 0.005750
v 0.093315 0.096032 0.005750
v 0.122964 0.096032 0.005750
v 0.117034 0.096032 0.005750
v 0.146683 0.096032 0.005750
v 0.140753 0.096032 0.005750
v 0.081456 0.096032 0.010781
v 0.099245 0.096032 0.010781
v 0.093315 0.096032 0.010781
v 0.122964 0.096032 0.010781
v 0.117034 0.096032 0.010781
v 0.146683 0.096032 0.010781
v 0.140753 0.096032 0.010781
v 0.081456 0.103219 0.010781
v 0.099245 0.103219 0.010781
v 0.093315 0.103219 0.010781
v 0.122964 0.103219 0.010781
v 0.117034 0.103219 0.010781
v 0.146683 0.103219 0.010781
v 0.140753 0.103219 0.010781
v 0.081456 0.115797 0.010781
v 0.099245 0.115797 0.010781
v 0.093315 0.115797 0.010781
v 0.122964 0.115797 0.010781
v 0.117034 0.115797 0.010781
v 0.146683 0.115797 0.010781
v 0.140753 0.115797 0.010781
v 0.081456 0.115797 0.015813
v 0.099245 0.115797 0.015813
v 0.093315 0.115797 0.015813
v 0.122964 0.115797 0.015813
v 0.117034 0.115797 0.015813
v 0.146683 0.115797 0.015813
v 0.140753 0.115797 0.015813
v 0.081456 0.126502 0.011500
v 0.099245 0.126502 0.011500
v 0.093315 0.126502 0.011500
v 0.122964 0.126502 0.011500
v 0.117034 0.126502 0.011500
v 0.146683 0.126502 0.011500
v 0.140753 0.126502 0.011500
v 0.081456 0.130134 0.012938
v 0.099245 0.130134 0.012938
v 0.093315 0.130134 0.012938
v 0.122964 0.130134 0.012938
v 0.117034 0.130134 0.012938
v 0.146683 0.130134 0.012938
v 0.140753 0.130134 0.012938
v 0.057737 0.133766 0.014375
v 0.081456 0.133766 0.014375
v 0.093548 0.132499 0.013125
v 0.099013 0.132499 0.013125
v 0.117267 0.132499 0.013125
v 0.122731 0.132499 0.013125
v 0.140985 0.132499 0.013125
v 0.146450 0.132499 0.013125
v 0.164704 0.134258 0.009860
v 0.170169 0.134258 0.009860
v 0.170169 0.136016 0.005290
v 0.164704 0.136016 0.005290
v 0.164704 0.132499 0.013125
v 0.170169 0.132499 0.013125
v 0.170401 0.126502 0.011500
v 0.170401 0.130134 0.012938
v 0.170401 0.115797 0.015813
v 0.170401 0.115797 0.010781
v 0.170401 0.103219 0.010781
v 0.170401 0.096032 0.010781
v 0.170401 0.096032 0.005750
v 0.170401 0.096032 -0.004312
v 0.170401 0.096032 -0.009344
v 0.170401 0.103219 -0.009344
v 0.170401 0.115797 -0.009344
v 0.170401 0.115797 -0.014375
v 0.170401 0.126502 -0.010062
v 0.170401 0.130134 -0.011500
v 0.164704 0.134258 -0.008423
v 0.170169 0.134258 -0.008423
v 0.170169 0.132499 -0.011687
v 0.164704 0.132499 -0.011687
v 0.164704 0.136016 -0.003852
v 0.170169 0.136016 -0.003852
v 0.140753 0.136641 0.005750
v 0.134823 0.136641 0.005750
v 0.134823 0.135203 0.010781
v 0.140753 0.135203 0.010781
v 0.140753 0.136641 -0.004312
v 0.134823 0.136641 -0.004312
v 0.140753 0.135203 -0.009344
v 0.134823 0.135203 -0.009344
v 0.140753 0.133766 -0.012937
v 0.134823 0.133766 -0.012937
v 0.134823 0.126502 -0.010062
v 0.134823 0.130134 -0.011500
v 0.134823 0.115797 -0.014375
v 0.134823 0.115797 -0.009344
v 0.134823 0.103219 -0.009344
v 0.134823 0.096032 -0.009344
v 0.134823 0.096032 -0.004312
v 0.134823 0.096032 0.005750
v 0.134823 0.096032 0.010781
v 0.134823 0.103219 0.010781
v 0.134823 0.115797 0.010781
v 0.134823 0.115797 0.015813
v 0.134823 0.126502 0.011500
v 0.134823 0.130134 0.012938
v 0.134823 0.133766 0.014375
v 0.140753 0.133766 0.014375
v 0.117034 0.136641 0.005750
v 0.111104 0.136641 0.005750
v 0.111104 0.135203 0.010781
v 0.117034 0.135203 0.010781
v 0.117034 0.136641 -0.004312
v 0.111104 0.136641 -0.004312
v 0.117034 0.135203 -0.009344
v 0.111104 0.135203 -0.009344
v 0.117034 0.133766 -0.012937
v 0.111104 0.133766 -0.012937
v 0.111104 0.126502 -0.010062
v 0.111104 0.130134 -0.011500
v 0.111104 0.115797 -0.014375
v 0.111104 0.115797 -0.009344
v 0.111104 0.103219 -0.009344
v 0.111104 0.096032 -0.009344
v 0.111104 0.096032 -0.004312
v 0.111104 0.096032 0.005750
v 0.111104 0.096032 0.010781
v 0.111104 0.103219 0.010781
v 0.111104 0.115797 0.010781
v 0.111104 0.115797 0.015813
v 0.111104 0.126502 0.011500
v 0.111104 0.130134 0.012938
v 0.111104 0.133766 0.014375
v 0.117034 0.133766 0.014375
v 0.128894 0.136641 0.005750
v 0.122964 0.136641 0.005750
v 0.122964 0.135203 0.010781
v 0.128894 0.135203 0.010781
v 0.122964 0.133766 0.014375
v 0.128894 0.133766 0.014375
v 0.128894 0.126502 0.011500
v 0.128894 0.130134 0.012938
v 0.128894 0.115797 0.015813
v 0.128894 0.115797 0.010781
v 0.128894 0.103219 0.010781
v 0.128894 0.096032 0.010781
v 0.128894 0.096032 0.005750
v 0.128894 0.096032 -0.004312
v 0.128894 0.096032 -0.009344
v 0.128894 0.103219 -0.009344
v 0.128894 0.115797 -0.009344
v 0.128894 0.115797 -0.014375
v 0.128894 0.126502 -0.010062
v 0.128894 0.130134 -0.011500
v 0.128894 0.133766 -0.012937
v 0.122964 0.133766 -0.012937
v 0.122964 0.135203 -0.009344
v 0.128894 0.135203 -0.009344
v 0.122964 0.136641 -0.004312
v 0.128894 0.136641 -0.004312
v 0.129126 0.134258 0.009860
v 0.134591 0.134258 0.009860
v 0.134591 0.136016 0.005290
v 0.129126 0.136016 0.005290
v 0.134591 0.136016 -0.003852
v 0.129126 0.136016 -0.003852
v 0.134591 0.134258 -0.008423
v 0.129126 0.134258 -0.008423
v 0.134591 0.132499 -0.011687
v 0.129126 0.132499 -0.011688
v 0.129126 0.132499 0.013125
v 0.134591 0.132499 0.013125
v 0.152612 0.136641 0.005750
v 0.146683 0.136641 0.005750
v 0.146683 0.135203 0.010781
v 0.152612 0.135203 0.010781
v 0.146683 0.133766 0.014375
v 0.152612 0.133766 0.014375
v 0.152612 0.126502 0.011500
v 0.152612 0.130134 0.012938
v 0.152612 0.115797 0.015813
v 0.152612 0.115797 0.010781
v 0.152612 0.103219 0.010781
v 0.152612 0.096032 0.010781
v 0.152612 0.096032 0.005750
v 0.152612 0.096032 -0.004312
v 0.152612 0.096032 -0.009344
v 0.152612 0.103219 -0.009344
v 0.152612 0.115797 -0.009344
v 0.152612 0.115797 -0.014375
v 0.152612 0.126502 -0.010062
v 0.152612 0.130134 -0.011500
v 0.152612 0.133766 -0.012937
v 0.146683 0.133766 -0.012937
v 0.146683 0.135203 -0.009344
v 0.152612 0.135203 -0.009344
v 0.146683 0.136641 -0.004312
v 0.152612 0.136641 -0.004312
v 0.152845 0.134258 0.009860
v 0.158310 0.134258 0.009860
v 0.158310 0.136016 0.005290
v 0.152845 0.136016 0.005290
v 0.158310 0.136016 -0.003852
v 0.152845 0.136016 -0.003852
v 0.158310 0.134258 -0.008423
v 0.152845 0.134258 -0.008423
v 0.158310 0.132499 -0.011687
v 0.152845 0.132499 -0.011687
v 0.152845 0.132499 0.013125
v 0.158310 0.132499 0.013125
v 0.170401 0.136641 0.005750
v 0.170401 0.135203 0.010781
v 0.170401 0.133766 0.014375
v 0.170401 0.133766 -0.012937
v 0.170401 0.135203 -0.009344
v 0.170401 0.136641 -0.004312
v 0.170169 0.129167 -0.010708
v 0.164704 0.129167 -0.010708
v 0.158310 0.129167 -0.010708
v 0.152845 0.129167 -0.010708
v 0.146450 0.129167 -0.010708
v 0.140985 0.129167 -0.010708
v 0.134591 0.129167 -0.010708
v 0.129126 0.129167 -0.010708
v 0.122731 0.129167 -0.010708
v 0.117267 0.129167 -0.010708
v 0.099013 0.129167 -0.010708
v 0.093548 0.129167 -0.010708
v 0.093548 0.129167 0.012146
v 0.099013 0.129167 0.012146
v 0.117267 0.129167 0.012146
v 0.122731 0.129167 0.012146
v 0.129126 0.129167 0.012146
v 0.134591 0.129167 0.012146
v 0.140985 0.129167 0.012146
v 0.146450 0.129167 0.012146
v 0.152845 0.129167 0.012146
v 0.158310 0.129167 0.012146
v 0.164704 0.129167 0.012146
v 0.170169 0.129167 0.012146
v 0.105407 0.136016 0.005290
v 0.110872 0.136016 0.005290
v 0.110872 0.136016 -0.003852
v 0.105407 0.136016 -0.003852
v 0.110872 0.134257 -0.008423
v 0.105407 0.134257 -0.008423
v 0.110872 0.132499 -0.011688
v 0.105407 0.132499 -0.011688
v 0.110872 0.129167 -0.010708
v 0.105407 0.129167 -0.010708
v 0.105175 0.130134 -0.011500
v 0.105175 0.126502 -0.010062
v 0.105175 0.115797 -0.014375
v 0.105175 0.115797 -0.009344
v 0.105175 0.103219 -0.009344
v 0.105175 0.096032 -0.009344
v 0.105175 0.096032 -0.004312
v 0.105175 0.096032 0.005750
v 0.105175 0.096032 0.010781
v 0.105175 0.103219 0.010781
v 0.105175 0.115797 0.010781
v 0.105175 0.115797 0.015813
v 0.105175 0.126502 0.011500
v 0.105175 0.130134 0.012938
v 0.105407 0.129167 0.012146
v 0.110872 0.129167 0.012146
v 0.110872 0.132499 0.013125
v 0.105407 0.132499 0.013125
v 0.110872 0.134257 0.009860
v 0.105407 0.134257 0.009860
v 0.093315 0.136641 0.005750
v 0.093315 0.136641 -0.004313
v 0.093315 0.135203 -0.009344
v 0.093315 0.133766 -0.012937
v 0.093315 0.133766 0.014375
v 0.093315 0.135203 0.010781
v 0.105175 0.136641 -0.004312
v 0.099245 0.136641 -0.004312
v 0.099245 0.136641 0.005750
v 0.105175 0.136641 0.005750
v 0.099245 0.135203 0.010781
v 0.105175 0.135203 0.010781
v 0.099245 0.133766 0.014375
v 0.105175 0.133766 0.014375
v 0.099245 0.133766 -0.012937
v 0.105175 0.133766 -0.012937
v 0.099245 0.135203 -0.009344
v 0.105175 0.135203 -0.009344
v 0.041925 0.063732 0.008385
v 0.038690 0.069089 0.010781
v 0.036894 0.056500 0.010781
v 0.041925 0.058375 0.008385
v 0.041925 0.058375 -0.006948
v 0.036894 0.056500 -0.009344
v 0.038690 0.069089 -0.009344
v 0.041925 0.063732 -0.006948
v 0.080737 0.063732 -0.006948
v 0.080737 0.063732 0.008385
v 0.082534 0.058375 0.008385
v 0.082534 0.058375 -0.006948
v 0.031543 0.069120 -0.009344
v 0.029746 0.056531 -0.009344
v 0.029746 0.056531 0.010781
v 0.031543 0.069120 0.010781
v 0.036894 0.093516 -0.007906
v 0.009581 0.093516 -0.007906
v 0.009581 0.086328 -0.007906
v 0.036894 0.086328 -0.007906
v 0.009581 0.086328 -0.015094
v 0.009581 0.093516 -0.015094
v 0.036894 0.093516 -0.015094
v 0.036894 0.086328 -0.015094
v 0.063758 0.108467 0.005482
v 0.063758 0.115850 0.011317
v 0.051258 0.115850 0.011317
v 0.051258 0.108467 0.005482
v 0.063758 0.125057 0.009234
v 0.051258 0.125057 0.009234
v 0.063758 0.129154 0.000804
v 0.051258 0.129154 0.000804
v 0.063758 0.125057 -0.007627
v 0.051258 0.125057 -0.007627
v 0.063758 0.115850 -0.009709
v 0.051258 0.115850 -0.009709
v 0.063758 0.108467 -0.003875
v 0.051258 0.108467 -0.003875
v 0.063758 0.124115 0.008129
v 0.063758 0.127684 0.000804
v 0.063758 0.124115 -0.006522
v 0.063758 0.116098 -0.008331
v 0.063758 0.109668 0.004869
v 0.063758 0.116098 0.009938
v 0.063758 0.109668 -0.003262
v 0.051258 0.124115 -0.006522
v 0.051258 0.127684 0.000804
v 0.051258 0.124115 0.008129
v 0.051258 0.116098 0.009938
v 0.051258 0.109668 0.004869
v 0.051258 0.109668 -0.003262
v 0.051258 0.116098 -0.008331
vn -0.0000 -0.0000 -1.0000
vn -0.0000 -0.0000 1.0000
vn 1.0000 -0.0000 -0.0000
vn -0.2950 0.1475 -0.9440
vn -0.0000 0.1758 -0.9844
vn -0.0000 0.1758 0.9844
vn -0.3317 0.1659 0.9287
vn -0.3317 0.1658 0.9287
vn -0.0000 1.0000 -0.0000
vn -0.8944 0.4472 -0.0000
vn -0.0000 -1.0000 -0.0000
vn 1.0000 0.0015 -0.0000
vn 1.0000 0.0012 0.0001
vn 1.0000 0.0013 -0.0001
vn 1.0000 0.0012 -0.0000
vn 1.0000 0.0013 0.0001
vn -0.0001 1.0000 -0.0000
vn 0.0101 -0.9999 -0.0000
vn -0.0000 0.6247 -0.7809
vn -0.0000 0.6247 0.7809
vn -0.0000 -0.6921 0.7218
vn 0.0001 -0.6921 0.7218
vn 1.0000 0.0023 -0.0000
vn 1.0000 0.0016 -0.0000
vn 1.0000 0.0017 -0.0000
vn 1.0000 0.0013 0.0002
vn 0.0070 -0.6921 -0.7218
vn 0.0001 -0.8638 -0.5039
vn 1.0000 0.0032 -0.0000
vn 0.0001 -0.8638 0.5039
vn 1.0000 0.0010 -0.0000
vn 1.0000 0.0010 -0.0001
vn 1.0000 0.0012 -0.0003
vn 0.2228 0.0003 -0.9749
vn 0.1326 0.6193 -0.7739
vn 0.1690 0.0003 -0.9856
vn 0.1229 -0.6869 -0.7163
vn 0.1228 -0.6869 -0.7163
vn 0.1296 -0.6863 0.7157
vn 0.1690 0.0002 0.9856
vn 0.1326 0.6193 0.7739
vn 0.1690 0.0003 0.9856
vn 0.1145 -0.8580 0.5007
vn 0.1004 -0.8593 -0.5015
vn -0.0016 1.0000 -0.0000
vn -0.0017 1.0000 -0.0000
vn 0.0129 -0.9999 -0.0000
vn -0.9759 -0.2180 -0.0000
vn 0.9745 -0.2243 -0.0000
vn -0.9582 0.2860 -0.0000
vn 0.9292 0.3697 -0.0000
vn -0.9756 0.2197 -0.0000
vn -0.4469 -0.8946 -0.0000
vn -0.4823 0.8760 -0.0000
vn -0.0097 0.1149 0.9933
vn -0.0096 0.1149 0.9933
vn -0.0002 0.1317 -0.9913
vn -0.0002 0.1318 -0.9913
vn -0.0003 0.1317 -0.9913
vn -0.0267 -0.9996 -0.0000
vn -0.1762 -0.2051 0.9628
vn -0.1762 -0.2051 0.9627
vn -0.0652 0.9979 -0.0000
vn -0.1879 -0.1848 -0.9646
vn -0.1879 -0.1849 -0.9646
vn -0.4970 0.8677 -0.0000
vn -0.0002 0.1317 0.9913
vn -0.4451 0.7770 0.4451
vn -0.4451 0.7771 0.4450
vn -0.4451 0.7770 0.4450
vn 0.9583 -0.2859 -0.0000
vn -0.8016 0.5979 -0.0000
vn -0.2415 0.4216 -0.8740
vn -0.2415 0.4217 -0.8740
vn -1.0000 -0.0000 -0.0000
vn 0.7071 -0.7071 -0.0000
vn -0.0000 -0.2272 -0.9738
vn -0.7071 -0.7071 -0.0000
vn -0.0000 -0.2272 0.9738
vn -0.0000 0.9285 -0.3714
vn -0.0000 -0.8682 -0.4961
vn 0.9578 -0.2873 -0.0000
vn 0.9578 -0.2874 -0.0000
vn 0.9749 -0.2228 -0.0000
vn -0.0000 0.9615 0.2747
vn -0.0000 -0.8682 0.4961
vn 0.9452 -0.2835 0.1620
vn 0.9452 -0.2836 0.1620
vn -0.0000 0.9285 0.3714
vn -0.0000 0.9615 -0.2747
vn -0.0000 0.3737 -0.9276
vn -0.0000 0.3737 0.9276
vn 0.9929 0.1191 -0.0000
vn 0.9996 -0.0000 0.0272
vn 0.9998 0.0004 0.0187
vn 0.9997 0.0001 0.0234
vn 0.9938 0.1053 -0.0351
vn 0.9941 0.1023 -0.0358
vn 0.9941 0.1023 -0.0364
vn -0.0000 -0.3680 -0.9298
vn -0.0000 -0.3680 0.9298
vn 0.9945 0.0996 0.0332
vn 0.9941 0.1023 0.0364
vn 0.9941 0.1023 0.0358
vn 1.0000 0.0046 0.0040
vn 0.9999 -0.0000 0.0136
vn 0.9737 0.1919 -0.1225
vn 0.9737 0.1920 -0.1225
vn 0.9982 0.0417 0.0423
vn 0.9982 0.0417 0.0422
vn 0.9939 0.0995 0.0479
vn 0.9994 0.0245 -0.0249
vn 0.9994 0.0245 -0.0248
vn 0.9985 0.0548 -0.0000
vn 0.9970 0.0778 -0.0000
vn 0.9840 0.0655 0.1657
vn 0.9840 0.0655 0.1656
vn 0.9845 0.1161 -0.1312
vn 0.9845 0.1161 -0.1311
vn 0.9978 0.0664 -0.0008
vn 0.9816 0.1788 0.0671
vn 0.9816 0.1789 0.0671
vn 0.0001 0.7021 0.7120
vn 0.0001 1.0000 -0.0000
vn 0.0001 0.7021 -0.7120
vn -0.0004 -0.7344 -0.6788
vn -0.0005 -1.0000 -0.0000
vn -0.0002 -0.7039 0.7103
vn -0.0000 0.9333 0.3591
vn -0.0000 0.9333 -0.3591
vn -0.0000 0.8804 -0.4742
vn -0.0000 0.8804 0.4742
vn -0.0000 -0.2820 -0.9594
vn -0.0000 -0.2820 0.9594
vn 0.9938 0.1053 0.0351
vn 0.9938 0.1054 0.0351
vn 0.9939 0.0996 -0.0479
vn 0.9939 0.0996 -0.0480
vn 0.9997 -0.0233 0.0017
vn 0.9997 -0.0234 0.0018
vn 0.9997 -0.0234 0.0017
vn 0.9737 0.1919 0.1225
vn 0.9737 0.1920 0.1225
vn 0.9945 0.0996 -0.0332
vn -0.9639 -0.0751 -0.2553
vn -0.9639 -0.0750 -0.2553
vn -0.0000 0.6336 0.7737
vn 0.9025 -0.1214 -0.4132
vn -0.9837 0.1585 -0.0854
vn -0.9837 0.1586 -0.0854
vn -0.9836 0.1586 -0.0854
vn 0.9909 0.1187 -0.0639
vn -0.9550 0.2767 -0.1065
vn 0.9821 0.1756 -0.0675
vn -0.9373 0.3486 -0.0000
vn 0.9373 0.3485 -0.0000
vn -0.9821 0.1756 0.0675
vn -0.9821 0.1756 0.0676
vn 0.9550 0.2767 0.1065
vn 0.9550 0.2767 0.1064
vn 0.9639 -0.0750 0.2553
vn 0.9640 -0.0750 0.2553
vn -0.0000 0.6336 -0.7737
vn -0.9025 -0.1215 0.4132
vn -0.9025 -0.1214 0.4132
vn -0.9909 0.1187 0.0639
vn 0.9837 0.1585 0.0854
vn 0.9836 0.1586 0.0854
vn 0.9025 -0.1215 -0.4132
vn -0.9550 0.2768 -0.1065
vn 0.9822 0.1756 -0.0675
vn 0.9837 0.1586 0.0854
vn 0.9373 0.3486 -0.0000
vn 0.9821 0.1756 -0.0676
vn 0.9550 0.2768 0.1065
vn 0.9639 -0.0751 0.2553
vn 0.5125 -0.0732 0.8555
vn 0.5125 -0.0731 0.8555
vn 0.5126 -0.0732 0.8555
vn 0.4484 -0.0640 -0.8915
vn 0.8561 0.5169 -0.0000
vn 0.3492 -0.9370 -0.0000
vn 0.9481 0.3180 -0.0000
vn -0.9900 0.1413 -0.0000
vn -0.0043 -1.0000 -0.0000
vn 0.0043 1.0000 -0.0000
vn -0.0000 -0.6200 0.7846
vn -0.0000 0.2206 0.9754
vn -0.0000 0.8994 0.4371
vn -0.0000 0.8994 -0.4371
vn -0.0000 0.2206 -0.9754
vn -0.0000 -0.6200 -0.7846
vn -0.0000 0.6191 0.7853
vn -0.0000 -0.2201 0.9755
vn -0.0000 -0.8990 0.4379
vn -0.0000 -0.8990 -0.4379
vn -0.0000 -0.2201 -0.9755
vn -0.0000 0.6191 -0.7853
vt 1.080653 -0.481944
vt 1.018153 -0.481944
vt 1.018153 -0.488194
vt 1.080653 -0.488194
vt 0.419334 -0.425694
vt 0.419334 -0.419444
vt 0.356834 -0.419444
vt 0.356834 -0.425694
vt 1.812500 -1.918750
vt 1.804688 -1.875000
vt 1.804688 -1.925000
vt 1.812500 -1.925000
vt 1.080653 -0.488125
vt 1.106847 -0.488125
vt 1.082984 -0.437569
vt 1.080653 -0.437500
vt 1.018153 -0.437500
vt 1.750000 -1.925000
vt 1.757812 -1.925000
vt 1.757812 -1.875000
vt 1.750000 -1.918750
vt 0.419334 -0.375000
vt 0.356834 -0.375000
vt 0.354209 -0.375081
vt 0.330666 -0.425781
vt 0.356834 -0.425606
vt 0.062500 0.437500
vt 0.062500 0.375000
vt 0.125000 0.375000
vt 0.125000 0.437500
vt 1.062500 -0.375000
vt 1.062500 -0.312500
vt 1.000000 -0.312500
vt 1.000000 -0.375000
vt 1.000000 0.687500
vt 1.000000 0.750000
vt 0.937500 0.750000
vt 0.937500 0.687500
vt 0.875000 0.031250
vt 0.875000 0.015625
vt 0.940625 0.015625
vt 0.940625 0.031250
vt 0.503125 0.562500
vt 0.503125 0.510938
vt 0.568750 0.510938
vt 0.568750 0.562500
vt 0.375000 0.500000
vt 0.375000 0.448438
vt 0.440625 0.448438
vt 0.440625 0.500000
vt 0.460938 0.562500
vt 0.460938 0.510936
vt 0.484376 0.510936
vt 0.484375 0.562500
vt 0.440625 0.562500
vt 0.440625 0.510938
vt 0.506250 0.510938
vt 0.506250 0.562500
vt 0.437502 0.515624
vt 0.385938 0.515625
vt 0.385938 0.492187
vt 0.437502 0.492186
vt 0.437500 0.500000
vt 0.437500 0.448438
vt 0.503125 0.448438
vt 0.503125 0.500000
vt 0.437502 0.539061
vt 0.385938 0.539062
vt 0.940625 0.046875
vt 0.875000 0.046875
vt 0.507814 0.510936
vt 0.507813 0.562500
vt 0.437500 0.562500
vt 0.437500 0.510938
vt 1.006250 0.031250
vt 1.006250 0.046875
vt 1.006250 0.015625
vt 0.506250 0.448438
vt 0.506250 0.500000
vt 0.375000 0.562500
vt 0.375000 0.510938
vt 0.568750 0.448438
vt 0.568750 0.500000
vt 0.531251 0.510936
vt 0.531251 0.562500
vt 0.940625 0.062500
vt 1.006250 0.062500
vt 0.875000 0.062500
vt 0.437502 0.562499
vt 0.385938 0.562500
vt 0.437501 0.510936
vt 1.006250 0.000000
vt 0.940625 0.000000
vt 0.875000 0.000000
vt 0.385938 0.468749
vt 0.437502 0.468749
vt 0.507814 0.499998
vt 0.484376 0.499998
vt 0.460939 0.499998
vt 0.437501 0.499998
vt 0.506250 0.437500
vt 0.440625 0.437500
vt 0.375000 0.437500
vt 0.568750 0.437500
vt 0.503125 0.437500
vt 0.437500 0.437500
vt 0.375000 0.468749
vt 0.375000 0.492187
vt 0.375000 0.515625
vt 0.375000 0.539062
vt 0.531251 0.499998
vt 0.499178 0.500000
vt 0.046146 0.324594
vt 0.046018 0.195808
vt 0.497770 0.366699
vt 0.851596 0.998592
vt 0.680704 0.545346
vt 0.809491 0.545473
vt 0.984897 1.000000
vt 2.125000 -1.125000
vt 2.125000 -1.636343
vt 2.187500 -1.636343
vt 2.187500 -1.125000
vt 2.187500 -0.312500
vt 2.187500 -0.767027
vt 2.250000 -0.767027
vt 2.250000 -0.312500
vt 1.937500 -1.000000
vt 1.875000 -1.000000
vt 1.875000 -1.123901
vt 1.937500 -1.123901
vt 1.937500 -0.446726
vt 2.000000 -0.446726
vt 2.000000 -0.312500
vt 1.937500 -0.312500
vt 2.000000 -1.125000
vt 2.000000 -1.636343
vt 2.062500 -1.636343
vt 2.062500 -1.125000
vt 2.062500 -0.446726
vt 2.125000 -0.446726
vt 2.125000 -0.312500
vt 2.062500 -0.312500
vt 2.312500 -0.312500
vt 2.312500 -0.767027
vt 2.375000 -0.767027
vt 2.375000 -0.312500
vt 1.812500 -1.000000
vt 1.750000 -1.000000
vt 1.750000 -1.123901
vt 1.812500 -1.123901
vt 0.285065 0.992608
vt 0.133362 0.544801
vt 2.062500 -1.017187
vt 2.125000 -1.017187
vt 1.937500 -1.017187
vt 2.000000 -1.017187
vt 0.045474 -0.351534
vt 0.491786 -0.199832
vt 1.875000 -1.650480
vt 1.937500 -1.650480
vt 1.750000 -1.650480
vt 1.812500 -1.650480
vt 0.177994 0.991477
vt 0.029918 0.544698
vt 1.937500 -1.125000
vt 0.045371 -0.454979
vt 0.490655 -0.306902
vt 1.875000 -1.750000
vt 1.937500 -1.750000
vt 1.750000 -1.750000
vt 1.812500 -1.750000
vt 0.971907 0.031248
vt 0.486105 0.031251
vt 0.486107 0.000001
vt 0.971909 -0.000004
vt 0.937500 0.562500
vt 0.937505 0.076698
vt 0.968754 0.076696
vt 0.968752 0.562499
vt 0.971907 0.062500
vt 0.486102 0.062500
vt 1.000004 0.076694
vt 1.000004 0.562497
vt 0.500000 0.562500
vt 0.500000 0.457624
vt 0.562497 0.457624
vt 0.562497 0.562500
vt 0.437500 0.500003
vt 0.542376 0.500003
vt 0.542376 0.562500
vt 1.937500 -1.636343
vt 2.187500 -0.446726
vt 2.187500 -1.017187
vt 2.437500 -0.767027
vt 2.437500 -0.312500
vt 1.687500 -1.750000
vt 1.687500 -1.650480
vt 1.687500 -1.123901
vt 1.687500 -1.000000
vt 2.000000 -1.687500
vt 1.937500 -1.687500
vt 1.000004 0.028091
vt 0.968755 0.028094
vt 0.937506 0.028096
vt 0.791942 0.500000
vt 0.663607 0.500000
vt 0.118184 0.500000
vt 0.015103 0.500000
vt 2.437500 -0.812500
vt 2.375000 -0.812500
vt 2.312500 -0.812500
vt 2.250000 -0.812500
vt 2.187500 -0.812500
vt 0.000822 -0.469793
vt 0.000822 -0.366712
vt 0.000822 0.178711
vt 0.000822 0.307045
vt 0.437505 0.000002
vt 0.437503 0.031251
vt 0.437500 0.062500
vt 2.187500 -1.687500
vt 2.125000 -1.687500
vt 2.062500 -1.687500
vt 1.003161 0.062500
vt 0.937505 0.062500
vt 0.937500 0.000001
vt 1.003153 -0.000005
vt 1.003125 0.062500
vt 0.937500 0.062500
vt 0.937500 0.000000
vt 1.003125 0.000000
vt 1.000005 -0.003156
vt 1.000005 0.062500
vt 0.937500 0.062492
vt 0.937506 -0.003161
vt 0.065625 0.906250
vt 0.065625 0.953125
vt 0.000000 0.953125
vt 0.000000 0.906250
vt 0.000000 1.000000
vt 0.065625 1.000000
vt 1.000000 0.805125
vt 1.000000 0.617625
vt 1.062500 0.617625
vt 1.062500 0.805125
vt 2.562500 -1.382375
vt 2.562500 -1.569875
vt 2.625000 -1.569875
vt 2.625000 -1.382375
vt 2.687500 -0.875000
vt 2.937500 -0.875000
vt 2.937500 -0.687500
vt 2.687500 -0.687500
vt 2.712500 -0.312500
vt 2.712500 -0.500000
vt 2.912500 -0.500000
vt 2.912500 -0.312500
vt 1.150000 -1.687500
vt 1.150000 -1.875000
vt 1.350000 -1.875000
vt 1.350000 -1.687500
vt 0.337500 -1.625000
vt 0.368750 -1.687500
vt 0.568750 -1.687500
vt 0.600000 -1.625000
vt 2.500000 -1.312500
vt 2.687500 -1.312500
vt 2.775000 -1.750000
vt 2.806250 -1.812500
vt 3.006250 -1.812500
vt 3.037500 -1.750000
vt 0.937500 0.875000
vt 1.125000 0.875000
vt 0.062500 1.000000
vt 0.000000 0.937500
vt 0.062500 0.937500
vt 0.010417 0.937500
vt 0.010417 1.000000
vt 0.052083 1.000000
vt 0.052083 0.937500
vt 0.043750 0.937500
vt 0.043750 0.963235
vt 0.000000 0.963235
vt 0.187500 0.937500
vt 0.187500 0.963235
vt 0.262500 0.937500
vt 0.262500 0.963235
vt 0.218750 0.963235
vt 0.218750 0.937500
vt 0.041667 0.937500
vt 0.041667 1.000000
vt 0.020833 1.000000
vt 0.020833 0.937500
vt 0.087500 0.937500
vt 0.087500 0.963235
vt 0.175000 0.937500
vt 0.175000 0.963235
vt 0.187500 0.985137
vt 0.000000 0.985137
vt 0.043750 0.985137
vt 0.087500 0.985137
vt 0.175000 0.985137
vt 0.218750 0.985137
vt 0.262500 0.985137
vt 0.095312 0.929688
vt 0.095312 1.000000
vt 0.062500 0.929688
vt 0.150000 0.929688
vt 0.150000 1.000000
vt 0.220313 0.929688
vt 0.220313 1.000000
vt 0.187500 1.000000
vt 0.187500 0.929688
vt 0.125000 0.993750
vt 0.125000 0.990625
vt 0.168750 0.990625
vt 0.168750 0.993750
vt 0.006250 0.937500
vt 0.009375 0.937500
vt 0.009375 1.000000
vt 0.006250 1.000000
vt 0.043750 0.881250
vt 0.043750 0.884375
vt 0.000000 0.884375
vt 0.000000 0.881250
vt 0.087500 0.881250
vt 0.087500 0.884375
vt 0.006250 0.890625
vt 0.009375 0.890625
vt 0.000000 0.993750
vt 0.000000 0.990625
vt 0.087500 0.990625
vt 0.087500 0.993750
vt 0.062500 0.993750
vt 0.062500 0.990625
vt 0.106250 0.990625
vt 0.106250 0.993750
vt 0.006250 0.843750
vt 0.009375 0.843750
vt 0.009375 0.936832
vt 0.006250 0.936832
vt 0.043750 0.943750
vt 0.043750 0.946875
vt 0.000000 0.946875
vt 0.000000 0.943750
vt 0.043750 0.990625
vt 0.043750 0.993750
vt 0.106250 0.943750
vt 0.106250 0.946875
vt 0.062500 0.946875
vt 0.062500 0.943750
vt 0.181250 0.936832
vt 0.178125 0.936832
vt 0.178125 0.843750
vt 0.181250 0.843750
vt 0.181250 1.000000
vt 0.178125 1.000000
vt 0.178125 0.890625
vt 0.181250 0.890625
vt 0.056250 1.000000
vt 0.053125 1.000000
vt 0.053125 0.937500
vt 0.056250 0.937500
vt 0.262500 0.992568
vt 0.218750 0.992568
vt 0.187500 0.992568
vt 0.000000 0.992568
vt 0.009375 0.968416
vt 0.006250 0.968416
vt 0.043750 0.992568
vt 0.087500 0.992568
vt 0.175000 0.992568
vt 0.181250 0.968416
vt 0.178125 0.968416
vt 0.095312 0.933637
vt 0.095312 0.966819
vt 0.062500 0.962931
vt 0.062500 0.933637
vt 0.150000 0.933631
vt 0.150000 0.966816
vt 0.062500 0.966816
vt 0.062500 0.933631
vt 0.220313 0.933631
vt 0.220313 0.962925
vt 0.187500 0.966816
vt 0.187500 0.933631
vt 0.073445 0.923950
vt 0.073445 0.953247
vt 0.062507 0.961975
vt 0.062514 0.923950
vt 0.073441 0.970102
vt 0.106262 0.977881
vt 0.106262 1.000000
vt 0.062500 0.987555
vt 0.198437 0.923956
vt 0.198437 0.961978
vt 0.187500 0.953250
vt 0.187500 0.923956
vt 0.187500 0.988252
vt 0.198336 0.956307
vt 0.218935 0.956307
vt 0.206241 1.000000
vt 0.062500 0.977875
vt 0.150000 0.977875
vt 0.062500 0.976562
vt 0.150000 0.976562
vt 0.198437 0.906250
vt 0.198437 1.000000
vt 0.187500 0.976562
vt 0.231250 0.976562
vt 0.073437 0.929688
vt 0.073437 1.000000
vt 0.062500 0.906250
vt 0.106250 1.000000
vt 0.106250 0.976562
vt 0.062499 0.969088
vt 0.062499 0.984544
vt 0.000009 0.985271
vt 0.000018 0.970574
vt 0.062086 0.966621
vt 0.062086 1.000000
vt 0.000000 0.992863
vt 0.000276 0.957637
vt 0.128632 1.000000
vt 0.062563 0.937499
vt 0.128571 0.937563
vt 0.131800 0.937751
vt 0.146496 0.937751
vt 0.140296 0.999939
vt 0.125000 0.999878
vt 0.160188 1.000000
vt 0.125000 0.997365
vt 0.125000 0.934870
vt 0.160189 0.937499
vt 0.158249 1.000000
vt 0.125000 1.000000
vt 0.125021 0.937499
vt 0.157066 0.937513
vt 0.096521 1.000000
vt 0.069131 0.937857
vt 0.104833 0.938080
vt 0.125004 0.933878
vt 0.125004 1.000000
vt 0.062500 0.999954
vt 0.062552 0.933929
vt 0.062325 0.966441
vt 0.062325 1.000000
vt 0.000137 0.993780
vt 0.000000 0.961735
vt 0.127544 0.964342
vt 0.124998 1.000000
vt 0.065047 0.964342
vt 0.168750 0.937500
vt 0.168750 0.950000
vt 0.125000 0.950000
vt 0.125000 0.937500
vt 0.125000 0.947675
vt 0.154650 0.947675
vt 0.154650 1.000000
vt 0.087500 0.950000
vt 0.000000 0.950000
vt 0.100625 0.970350
vt 0.100625 1.000000
vt 0.000000 0.970350
vt 0.100625 0.907850
vt 0.100625 0.937500
vt 0.000000 0.907850
vt 0.106250 0.937500
vt 0.106250 0.950000
vt 0.062500 0.950000
vt 0.092150 1.000000
vt 0.062500 0.947675
vt 0.092150 0.947675
vt 0.043750 0.950000
vt 0.029650 1.000000
vt 0.000000 0.961294
vt 0.029650 0.961294
vt 0.062500 0.961294
vt 0.092150 0.961294
vt 0.062500 0.936832
vt 0.062500 0.968416
vt 0.050000 0.968416
vt 0.050000 0.936832
vt 0.043750 0.968416
vt 0.040625 0.968416
vt 0.040625 0.936832
vt 0.043750 0.936832
vt 0.031250 0.936832
vt 0.031250 0.968416
vt 0.028125 0.968416
vt 0.028125 0.936832
vt 0.018750 0.936832
vt 0.018750 0.968416
vt 0.015625 0.968416
vt 0.015625 0.936832
vt 0.050000 0.843750
vt 0.062500 0.843750
vt 0.040625 0.843750
vt 0.043750 0.843750
vt 0.028125 0.843750
vt 0.031250 0.843750
vt 0.015625 0.843750
vt 0.018750 0.843750
vt 0.000000 0.987500
vt 0.043750 0.987500
vt 0.043750 1.000000
vt 0.000000 0.981250
vt 0.000000 0.978125
vt 0.043750 0.978125
vt 0.043750 0.981250
vt 0.000000 0.968750
vt 0.000000 0.965625
vt 0.043750 0.965625
vt 0.043750 0.968750
vt 0.000000 0.956250
vt 0.043750 0.953125
vt 0.043750 0.956250
vt 0.050000 1.000000
vt 0.050000 0.890625
vt 0.062500 0.890625
vt 0.040625 1.000000
vt 0.040625 0.890625
vt 0.043750 0.890625
vt 0.031250 1.000000
vt 0.028125 1.000000
vt 0.028125 0.890625
vt 0.031250 0.890625
vt 0.018750 1.000000
vt 0.015625 1.000000
vt 0.015625 0.890625
vt 0.018750 0.890625
vt 0.050000 0.937500
vt 0.040625 0.937500
vt 0.028125 0.937500
vt 0.031250 0.937500
vt 0.015625 0.937500
vt 0.018750 0.937500
vt 0.000000 0.925000
vt 0.043750 0.925000
vt 0.000000 0.918750
vt 0.000000 0.915625
vt 0.043750 0.915625
vt 0.043750 0.918750
vt 0.000000 0.903125
vt 0.043750 0.903125
vt 0.043750 0.906250
vt 0.000000 0.893750
vt 0.000000 0.890625
vt 0.043750 0.893750
vt 0.087500 0.925000
vt 0.087500 0.915625
vt 0.087500 0.918750
vt 0.087500 0.903125
vt 0.087500 0.906250
vt 0.087500 0.890625
vt 0.087500 0.893750
vt 0.012500 0.937500
vt 0.012500 1.000000
vt 0.021875 0.937500
vt 0.021875 1.000000
vt 0.034375 0.937500
vt 0.034375 1.000000
vt 0.046875 0.937500
vt 0.046875 1.000000
vt 0.125000 0.890625
vt 0.137500 0.890625
vt 0.137500 1.000000
vt 0.143750 0.890625
vt 0.146875 0.890625
vt 0.146875 1.000000
vt 0.143750 1.000000
vt 0.156250 0.890625
vt 0.159375 0.890625
vt 0.159375 1.000000
vt 0.156250 1.000000
vt 0.168750 0.890625
vt 0.171875 0.890625
vt 0.171875 1.000000
vt 0.168750 1.000000
vt 0.062500 0.987500
vt 0.106250 0.987500
vt 0.062500 0.981250
vt 0.062500 0.978125
vt 0.106250 0.978125
vt 0.106250 0.981250
vt 0.062500 0.968750
vt 0.062500 0.965625
vt 0.106250 0.965625
vt 0.106250 0.968750
vt 0.062500 0.956250
vt 0.062500 0.953125
vt 0.106250 0.953125
vt 0.106250 0.956250
vt 0.125000 0.843750
vt 0.137500 0.843750
vt 0.137500 0.936832
vt 0.125000 0.936832
vt 0.143750 0.843750
vt 0.146875 0.843750
vt 0.146875 0.936832
vt 0.143750 0.936832
vt 0.156250 0.843750
vt 0.159375 0.843750
vt 0.159375 0.936832
vt 0.156250 0.936832
vt 0.168750 0.843750
vt 0.171875 0.843750
vt 0.171875 0.936832
vt 0.168750 0.936832
vt 0.137500 0.968416
vt 0.125000 0.968416
vt 0.146875 0.968416
vt 0.143750 0.968416
vt 0.159375 0.968416
vt 0.156250 0.968416
vt 0.171875 0.968416
vt 0.168750 0.968416
vt 0.184375 0.936832
vt 0.184375 0.968416
vt 0.184375 0.843750
vt 0.062500 0.940625
vt 0.106250 0.940625
vt 0.184375 0.890625
vt 0.184375 1.000000
vt 0.059375 0.937500
vt 0.059375 1.000000
vt 0.000000 0.878125
vt 0.043750 0.878125
vt 0.087500 0.878125
vt 0.003125 1.000000
vt 0.003125 0.937500
vt 0.003125 0.890625
vt 0.000000 0.940625
vt 0.043750 0.940625
vt 0.003125 0.936832
vt 0.003125 0.843750
vt 0.003125 0.968416
vt 0.125000 0.981250
vt 0.125000 0.978125
vt 0.168750 0.978125
vt 0.168750 0.981250
vt 0.087500 0.978125
vt 0.087500 0.981250
vt 0.021875 0.936832
vt 0.021875 0.968416
vt 0.021875 0.843750
vt 0.043750 0.959375
vt 0.000000 0.959375
vt 0.021875 0.890625
vt 0.043750 0.896875
vt 0.000000 0.896875
vt 0.087500 0.896875
vt 0.165625 1.000000
vt 0.165625 0.890625
vt 0.106250 0.959375
vt 0.062500 0.959375
vt 0.165625 0.936832
vt 0.165625 0.843750
vt 0.165625 0.968416
vt 0.125000 0.968750
vt 0.125000 0.965625
vt 0.168750 0.965625
vt 0.168750 0.968750
vt 0.087500 0.965625
vt 0.087500 0.968750
vt 0.034375 0.936832
vt 0.034375 0.968416
vt 0.034375 0.843750
vt 0.043750 0.971875
vt 0.000000 0.971875
vt 0.034375 0.890625
vt 0.043750 0.909375
vt 0.000000 0.909375
vt 0.087500 0.909375
vt 0.153125 1.000000
vt 0.153125 0.890625
vt 0.106250 0.971875
vt 0.062500 0.971875
vt 0.153125 0.936832
vt 0.153125 0.843750
vt 0.153125 0.968416
vt 0.125000 0.975000
vt 0.125000 0.971875
vt 0.168750 0.971875
vt 0.168750 0.975000
vt 0.062500 0.975000
vt 0.106250 0.975000
vt 0.162500 0.936832
vt 0.162500 0.968416
vt 0.162500 0.843750
vt 0.106250 0.962500
vt 0.062500 0.962500
vt 0.162500 1.000000
vt 0.162500 0.890625
vt 0.037500 1.000000
vt 0.037500 0.937500
vt 0.043750 0.900000
vt 0.000000 0.900000
vt 0.087500 0.900000
vt 0.025000 0.937500
vt 0.025000 1.000000
vt 0.025000 0.890625
vt 0.043750 0.962500
vt 0.000000 0.962500
vt 0.025000 0.843750
vt 0.025000 0.936832
vt 0.025000 0.968416
vt 0.000000 0.975000
vt 0.043750 0.975000
vt 0.087500 0.971875
vt 0.087500 0.975000
vt 0.125000 0.987500
vt 0.125000 0.984375
vt 0.168750 0.984375
vt 0.168750 0.987500
vt 0.062500 0.984375
vt 0.106250 0.984375
vt 0.175000 0.936832
vt 0.175000 0.968416
vt 0.175000 0.843750
vt 0.175000 1.000000
vt 0.175000 0.890625
vt 0.043750 0.887500
vt 0.000000 0.887500
vt 0.087500 0.887500
vt 0.012500 0.890625
vt 0.012500 0.843750
vt 0.012500 0.936832
vt 0.012500 0.968416
vt 0.000000 0.984375
vt 0.043750 0.984375
vt 0.087500 0.984375
vt 0.087500 0.987500
vt 0.125000 0.996875
vt 0.168750 0.996875
vt 0.062500 0.996875
vt 0.106250 0.996875
vt 0.187500 0.936832
vt 0.187500 0.968416
vt 0.187500 0.843750
vt 0.187500 0.890625
vt 0.043750 0.875000
vt 0.000000 0.875000
vt 0.087500 0.875000
vt 0.000000 0.843750
vt 0.000000 0.936832
vt 0.000000 0.968416
vt 0.000000 0.996875
vt 0.043750 0.996875
vt 0.087500 0.996875
vt 0.087500 1.000000
vt 0.000000 0.970706
vt 0.029650 0.970706
vt 0.062500 0.970706
vt 0.092150 0.970706
vt 0.218750 1.000000
vt 0.262500 1.000000
vt 0.125000 0.970706
vt 0.154650 0.970706
vt 0.187500 0.970706
vt 0.217150 0.970706
vt 0.217150 1.000000
vt 0.073445 0.982544
vt 0.000000 0.999967
vt 0.062499 1.000000
vt 0.062500 0.992225
vt 0.220313 0.992219
vt 0.155592 1.000000
vt 0.161193 0.937751
vt 0.187500 0.982544
vt 0.014825 0.970706
vt 0.014825 1.000000
vt 0.000006 1.000000
vt 0.000000 0.960938
vt 0.044475 1.000000
vt 0.000000 0.990231
vt 0.059300 0.990231
vt 0.014825 0.960938
vt 0.077325 0.961294
vt 0.077325 1.000000
vt 0.014825 0.961294
vt 0.139825 0.947675
vt 0.139825 1.000000
vt 0.077325 0.947675
vt 0.000000 0.985175
vt 0.100625 0.985175
vt 0.139825 0.970706
vt 0.125000 0.960938
vt 0.169475 1.000000
vt 0.125000 0.990231
vt 0.184300 0.990231
vt 0.202325 0.960938
vt 0.202325 1.000000
vt 0.202325 0.947675
vt 0.187500 0.947675
vt 0.139825 0.961294
vt 0.125000 0.961294
vt 0.202325 0.970706
vt 0.187500 0.960938
vt 0.231975 1.000000
vt 0.187500 0.990231
vt 0.246800 0.990231
vt 0.139825 0.960938
vt 0.044469 1.000000
vt 0.014819 1.000000
vt 0.059294 0.990231
vt 0.077319 0.947675
vt 0.077319 1.000000
vt 0.037500 0.968416
vt 0.037500 0.936832
vt 0.037500 0.843750
vt 0.037500 0.890625
vt 0.000000 0.912500
vt 0.043750 0.912500
vt 0.087500 0.912500
vt 0.150000 0.890625
vt 0.150000 0.843750
vt 0.150000 0.936832
vt 0.150000 0.968416
vt 0.087500 0.956250
vt 0.168750 0.956250
vt 0.125000 0.956250
vt 0.087500 0.959375
vt 0.087500 0.962500
vt 0.125000 0.962500
vt 0.125000 0.959375
vt 0.168750 0.959375
vt 0.168750 0.962500
vt 0.000000 0.922675
vt 0.100625 0.922675
vt 0.014819 0.970706
vt 0.077325 0.960938
vt 0.062506 0.947675
vt 2.440037 -1.687500
vt 2.390625 -1.656250
vt 2.390625 -1.718750
vt 2.440037 -1.750000
vt 0.684963 -1.750000
vt 0.734375 -1.718750
vt 0.734375 -1.656250
vt 0.684963 -1.687500
vt 2.243750 -1.406250
vt 2.228125 -1.462587
vt 2.459375 -1.462587
vt 2.443750 -1.406250
vt 1.068750 -1.406250
vt 1.084375 -1.349913
vt 0.853125 -1.349913
vt 0.868750 -1.406250
vt 3.000000 -1.125000
vt 2.812500 -1.125000
vt 2.812500 -1.187500
vt 3.000000 -1.187500
vt 1.068750 -1.750000
vt 0.868750 -1.750000
vt 0.341213 -1.750000
vt 0.341213 -1.687500
vt 2.243750 -1.062500
vt 2.443750 -1.062500
vt 2.783787 -1.687500
vt 2.783787 -1.750000
vt 0.000000 0.852294
vt 0.262500 0.852294
vt 0.062501 0.852296
vt 0.062501 1.000000
vt 0.000000 0.999999
vt 0.000000 0.852296
vt 0.210204 1.000000
vt 0.062500 0.937499
vt 0.210204 0.937499
vt 0.060200 0.875000
vt 0.060200 1.000000
vt 0.082196 0.937500
vt 0.011892 0.937500
vt 0.000000 0.913031
vt 0.093736 0.913032
vt 0.024469 0.918156
vt 0.024469 0.988460
vt 0.000001 1.000000
vt 0.000000 0.906264
vt 0.024298 0.917506
vt 0.024298 0.988294
vt 0.000001 1.000000
vt 0.000000 0.905612
vt 0.062500 0.988023
vt 0.062500 0.917443
vt 0.086875 0.905899
vt 0.086878 1.000000
vt 0.082683 1.000000
vt 0.011894 1.000000
vt 0.000000 0.975702
vt 0.094388 0.975703
vt 0.011700 0.975487
vt 0.081875 0.975487
vt 0.093575 1.000000
vt 0.011544 0.975622
vt 0.082124 0.975622
vt 0.094101 1.000000
vt 0.000000 0.999996
vt 0.011540 0.975531
vt 0.081844 0.975531
vt 0.093736 1.000000
vt 0.000000 0.999999
vt 0.000000 0.988108
vt 0.000000 0.917804
vt 0.024468 0.906264
vt 0.024469 1.000000
vt 0.062500 0.988106
vt 0.062500 0.917317
vt 0.086797 0.905612
vt 0.086798 1.000000
vt 0.082557 0.937500
vt 0.011977 0.937500
vt 0.000000 0.913122
vt 0.094101 0.913125
vt 0.081875 0.937500
vt 0.011700 0.937500
vt 0.000000 0.912987
vt 0.093575 0.912987
vt 0.024378 0.917876
vt 0.024378 0.988456
vt 0.000004 1.000000
vt 0.000000 0.905899
vt 0.011706 0.975702
vt 0.082494 0.975702
vt 0.094388 1.000000
vt 0.081312 0.875000
vt 0.081312 1.000000
vt 0.081875 0.875000
vt 0.081875 1.000000
vt 0.082188 0.875000
vt 0.082188 1.000000
vt 0.081481 0.875000
vt 0.081481 1.000000
s 1
usemtl none.001
f 43/28/18 44/29/18 45/30/18 46/31/18
f 47/32/19 48/33/19 49/34/19 50/35/19
f 44/36/20 51/37/20 52/38/20 45/39/20
f 46/40/21 53/41/21 54/42/21 43/28/21
f 43/28/22 54/43/22 51/44/22 44/29/22
f 47/45/20 55/46/20 56/47/20 48/48/20
f 48/33/23 56/49/23 57/50/23 49/34/23
f 49/34/24 57/51/25 58/52/24 50/53/25
f 52/38/20 51/37/20 56/47/20 55/46/20
f 57/54/26 56/55/26 51/56/26 54/57/26
f 58/58/27 57/59/27 54/60/27 53/61/27
f 46/62/28 45/63/28 47/64/28 50/65/28
f 59/66/29 60/67/30 61/68/31 62/69/29
f 63/66/29 64/67/32 65/68/33 66/69/29
f 67/70/34 68/71/34 69/72/34 70/73/34
f 71/74/35 72/75/35 73/76/35 74/77/35
f 75/78/36 76/79/36 77/80/36 78/81/36
f 79/82/34 80/83/34 81/84/34 82/85/34
f 59/86/37 83/87/37 84/88/37 60/89/37
f 85/90/38 86/91/39 87/92/38 88/93/39
f 89/94/19 90/95/19 83/87/19 59/86/19
f 62/69/29 91/96/40 89/97/41 59/66/29
f 66/69/29 92/96/40 93/97/40 63/66/29
f 78/81/18 77/80/18 94/98/18 95/99/18
f 96/100/34 97/101/34 68/71/34 67/70/34
f 78/102/29 95/103/42 92/96/40 66/69/29
f 66/69/29 65/68/33 75/104/43 78/102/29
f 74/77/44 73/76/44 98/105/44 99/106/44
f 70/107/34 69/108/34 80/83/34 79/82/34
f 63/102/29 93/103/40 91/96/40 62/69/29
f 62/69/29 61/68/31 64/104/32 63/102/29
f 88/93/35 87/92/35 72/109/35 71/110/35
f 95/99/45 94/98/45 97/111/45 96/112/45
f 67/113/46 92/96/40 95/103/42 96/114/46
f 70/115/46 93/97/40 92/96/40 67/113/46
f 79/113/46 91/96/40 93/103/40 70/114/46
f 82/115/46 89/97/41 91/96/40 79/113/46
f 82/116/47 81/117/47 90/95/47 89/94/47
f 99/100/18 98/118/18 76/79/18 75/78/18
f 99/119/29 75/104/43 65/68/33 74/120/31
f 74/120/31 65/68/33 64/67/32 71/121/48
f 71/119/48 64/104/32 61/68/31 88/120/49
f 88/120/49 61/68/31 60/67/30 85/121/50
f 60/89/19 84/88/19 86/122/19 85/123/19
f 100/124/51 94/98/51 77/80/51 101/125/51
f 101/125/52 77/80/52 76/79/52 102/126/52
f 102/126/53 76/79/53 98/118/53 103/127/53
f 103/128/54 98/105/54 73/76/55 104/129/54
f 104/129/35 73/76/35 72/75/35 105/130/35
f 105/131/35 72/109/35 87/92/35 106/132/35
f 106/132/56 87/92/56 86/91/56 107/133/56
f 107/134/57 86/122/57 84/88/57 108/135/57
f 108/135/58 84/88/58 83/87/58 109/136/58
f 109/136/59 83/87/59 90/95/59 110/137/57
f 110/137/60 90/95/60 81/117/60 111/107/60
f 111/106/34 81/84/34 80/83/34 112/77/34
f 112/77/34 80/83/34 69/108/34 113/74/34
f 113/110/34 69/72/34 68/71/34 114/93/34
f 114/93/34 68/71/34 97/101/34 115/90/34
f 115/138/61 97/111/61 94/98/61 100/124/61
f 116/139/19 117/140/19 118/141/19 119/142/19
f 120/143/18 121/144/18 122/145/18 123/146/18
f 124/147/62 125/148/63 126/149/62 127/150/62
f 128/151/64 129/152/64 130/153/64 131/154/64
f 132/155/65 133/156/65 134/157/65 135/158/65
f 119/159/66 136/160/66 137/161/66 116/162/66
f 138/163/62 139/164/63 140/165/63 141/166/62
f 142/167/66 143/168/66 144/169/66 145/170/66
f 146/171/64 147/172/64 148/173/64 149/174/64
f 150/175/65 151/176/65 152/177/65 153/178/65
f 154/179/18 155/180/18 121/144/18 120/143/18
f 156/181/66 157/182/66 143/168/66 142/167/66
f 158/183/66 159/184/66 136/160/66 119/159/66
f 119/142/19 118/141/19 160/185/19 158/186/19
f 135/158/67 134/157/67 161/187/67 162/188/67
f 153/178/67 152/177/67 163/189/67 164/190/67
f 165/191/18 166/192/18 155/180/18 154/179/18
f 146/166/68 149/147/68 157/182/68 156/181/68
f 128/193/68 131/163/68 159/184/68 158/183/68
f 158/186/19 160/185/19 129/194/19 128/195/19
f 162/188/69 161/187/69 167/196/69 168/197/69
f 164/190/69 163/189/69 169/198/69 170/199/69
f 171/102/70 172/69/70 133/120/70 132/119/70
f 173/200/19 174/201/19 117/202/19 116/203/19
f 175/102/70 176/69/70 151/120/70 150/119/70
f 123/204/18 122/205/18 177/206/18 178/207/18
f 179/114/71 180/113/71 181/69/71 182/102/71
f 183/114/71 184/113/71 185/69/71 186/102/71
f 127/208/72 126/209/72 174/201/73 173/200/72
f 178/207/74 177/206/75 187/210/74 188/211/76
f 186/90/77 185/93/77 172/70/77 171/100/77
f 183/212/78 186/213/78 171/214/79 189/215/78
f 189/85/80 190/82/80 184/77/80 183/106/80
f 191/216/81 192/217/82 193/218/82 194/100/82
f 182/74/77 181/77/77 176/82/77 175/107/77
f 195/73/80 196/70/80 180/93/80 179/110/80
f 191/66/71 181/69/71 180/113/71 192/115/71
f 192/90/80 180/93/80 196/70/80 193/100/80
f 188/193/62 187/219/62 139/164/63 138/163/62
f 123/151/66 144/169/66 143/168/66 120/220/66
f 120/220/66 143/168/66 157/182/66 154/221/66
f 154/221/68 157/182/68 149/147/68 165/150/68
f 149/174/64 148/173/64 166/222/64 165/223/64
f 197/224/69 169/198/69 163/189/69 198/225/69
f 198/225/67 163/189/67 152/177/67 199/226/67
f 199/226/65 152/177/65 151/176/65 200/227/65
f 200/121/70 151/120/70 176/69/70 194/66/70
f 194/85/77 176/82/77 181/77/77 191/106/77
f 182/66/71 185/69/71 184/113/71 179/115/71
f 179/74/80 184/77/80 190/82/80 195/107/80
f 141/166/62 140/165/63 125/148/63 124/147/62
f 145/170/66 137/161/66 136/160/66 142/167/66
f 142/167/66 136/160/66 159/184/66 156/181/66
f 156/181/68 159/184/68 131/163/68 146/166/68
f 131/154/64 130/153/64 147/172/64 146/171/64
f 170/199/69 167/196/69 161/187/69 164/190/69
f 164/190/67 161/187/67 134/157/67 153/178/67
f 153/178/65 134/157/65 133/156/65 150/175/65
f 150/121/70 133/120/70 172/69/70 175/66/70
f 175/73/77 172/70/77 185/93/77 182/110/77
f 201/228/83 202/164/83 203/219/83 204/229/83
f 193/230/74 187/210/74 177/206/75 194/231/74
f 194/231/18 177/206/18 122/205/18 200/232/18
f 200/233/18 122/145/18 121/144/18 199/234/18
f 199/234/18 121/144/18 155/180/18 198/235/18
f 198/235/18 155/180/18 166/192/18 197/236/18
f 197/237/64 166/222/64 148/173/64 169/238/64
f 169/238/64 148/173/64 147/172/64 170/239/64
f 170/239/64 147/172/64 130/153/64 167/240/64
f 167/240/64 130/153/64 129/152/64 168/241/64
f 168/242/19 129/194/19 160/185/19 162/243/19
f 162/243/19 160/185/19 118/141/19 135/244/19
f 135/244/19 118/141/19 117/140/19 132/245/19
f 132/246/19 117/202/19 174/201/19 171/247/19
f 171/247/84 174/201/84 126/209/84 189/248/84
f 205/249/83 206/149/83 207/148/83 208/250/83
f 190/250/63 125/148/63 140/165/63 195/251/63
f 195/251/63 140/165/63 139/164/63 196/228/63
f 202/252/85 201/253/86 196/254/86 139/255/87
f 203/256/88 202/257/88 139/258/88 187/259/88
f 204/260/18 203/261/18 187/262/18 193/263/18
f 201/256/89 204/257/89 193/258/89 196/259/89
f 206/252/19 205/253/19 189/254/19 126/255/19
f 207/256/88 206/257/88 126/258/88 125/259/88
f 208/260/90 207/261/91 125/262/91 190/263/91
f 205/256/89 208/257/89 190/258/89 189/259/89
f 137/264/29 209/265/29 210/266/29 116/267/29
f 145/264/29 211/265/29 209/266/29 137/267/29
f 144/264/29 212/265/29 211/266/29 145/267/29
f 123/264/29 213/265/29 212/266/29 144/267/29
f 124/268/29 209/266/29 211/265/29 141/269/29
f 141/268/29 211/266/29 212/265/29 138/269/29
f 138/268/29 212/266/29 213/265/29 188/269/29
f 127/268/29 210/266/29 209/265/29 124/269/29
f 214/270/19 215/271/19 216/272/19 217/273/19
f 218/274/18 219/275/18 220/276/18 221/277/18
f 222/278/26 223/279/26 224/280/26 225/281/26
f 221/282/92 220/283/92 215/284/92 214/285/92
f 217/286/20 216/287/20 219/288/20 218/289/20
f 224/290/93 217/291/93 218/292/93 225/293/93
f 225/294/94 218/274/94 221/277/94 222/295/94
f 222/296/95 221/297/95 214/298/95 223/299/95
f 223/300/96 214/270/96 217/273/96 224/301/96
f 226/302/19 227/268/19 228/303/19 229/304/19
f 230/304/18 231/302/18 232/268/18 233/303/18
f 234/303/97 235/305/97 236/306/97 237/268/97
f 233/303/98 238/305/98 239/306/98 230/268/98
f 230/303/92 239/305/92 240/306/92 231/268/92
f 232/302/99 241/307/100 238/308/99 233/304/99
f 240/309/92 242/310/92 243/311/92 231/303/92
f 226/312/19 244/313/19 245/311/19 227/303/19
f 232/314/101 246/315/101 247/316/101 241/317/101
f 231/312/18 243/313/18 246/311/18 232/303/18
f 248/318/92 249/308/92 250/307/92 251/319/92
f 251/319/92 252/320/92 253/321/92 248/318/92
f 254/318/28 255/308/28 256/307/28 257/319/28
f 257/319/28 258/320/28 259/321/28 254/318/28
f 260/320/99 261/306/99 255/305/99 254/321/99
f 254/321/99 259/318/99 262/319/99 260/320/99
f 260/322/101 263/323/101 264/310/101 261/309/101
f 262/324/101 265/325/101 263/323/101 260/322/101
f 266/318/102 267/308/102 268/307/102 269/319/102
f 269/319/26 270/320/26 271/321/26 266/318/26
f 250/317/92 272/316/92 273/325/92 251/324/92
f 251/324/92 273/325/92 274/323/92 252/322/92
f 227/302/92 275/307/92 256/308/92 228/304/92
f 228/302/103 256/307/103 255/308/103 229/304/103
f 229/303/104 255/305/104 261/306/104 226/268/105
f 261/309/101 264/310/101 244/311/101 226/303/101
f 276/302/106 268/307/106 267/308/106 277/304/106
f 227/314/92 245/315/92 278/316/92 275/317/92
f 252/320/92 279/306/92 280/305/92 253/321/92
f 258/320/28 239/306/28 238/305/28 259/321/28
f 259/318/99 238/308/99 241/307/100 262/319/99
f 241/317/101 247/316/101 265/325/101 262/324/101
f 270/320/107 236/306/107 235/305/107 271/321/107
f 252/322/92 274/323/92 281/310/92 279/309/92
f 243/313/108 282/326/108 283/327/108 246/311/108
f 281/310/92 284/328/92 285/327/92 286/311/92
f 274/323/92 287/329/92 284/328/92 281/310/92
f 273/325/92 288/330/92 287/329/92 274/323/92
f 272/316/92 289/331/92 288/330/92 273/325/92
f 290/315/92 291/332/92 289/331/92 272/316/92
f 244/313/109 292/326/109 293/327/109 245/311/109
f 264/310/110 294/328/110 292/327/110 244/311/110
f 295/333/111 296/334/112 297/302/113 298/335/111
f 299/336/20 300/337/20 296/302/112 295/335/20
f 301/338/20 302/339/20 300/340/20 299/341/20
f 246/315/110 283/332/110 303/331/110 247/316/110
f 304/342/102 305/343/102 306/344/102 307/345/102
f 308/346/18 309/347/18 310/348/18 311/349/18
f 312/350/28 313/351/28 309/352/28 308/353/28
f 314/354/28 315/355/28 313/352/28 312/353/28
f 311/356/18 310/357/18 316/348/18 317/349/18
f 318/358/26 319/359/26 305/360/26 304/361/26
f 320/362/107 321/363/107 319/364/107 318/365/107
f 322/366/108 323/367/108 324/368/108 325/369/108
f 317/370/28 316/371/28 323/372/28 322/373/28
f 326/358/97 327/359/97 321/374/97 320/375/97
f 328/376/28 329/377/28 330/378/28 331/379/28
f 332/380/109 333/381/109 329/382/109 328/383/109
f 307/362/106 306/363/106 334/364/106 335/365/106
f 331/384/19 330/385/19 336/386/19 337/387/19
f 338/350/28 339/351/28 315/352/28 314/353/28
f 337/388/19 336/389/19 339/390/19 338/391/19
f 283/332/114 340/392/115 341/393/116 303/331/114
f 282/326/117 342/394/117 340/395/117 283/327/117
f 324/368/117 343/396/117 344/397/117 325/369/117
f 284/328/92 345/398/92 346/395/92 285/327/92
f 287/329/92 347/399/92 345/398/92 284/328/92
f 288/330/92 348/400/92 347/399/92 287/329/92
f 289/331/92 349/393/92 348/400/92 288/330/92
f 291/332/92 350/392/92 349/393/92 289/331/92
f 332/380/118 351/401/118 352/402/118 333/381/118
f 292/326/118 353/394/118 354/395/118 293/327/118
f 294/328/119 355/398/120 353/395/121 292/327/119
f 296/403/112 356/404/122 357/405/123 297/406/113
f 300/407/20 358/408/20 356/409/122 296/410/112
f 302/411/20 359/412/20 358/413/20 300/414/20
f 360/415/124 361/416/124 355/417/124 294/418/125
f 362/419/126 363/420/127 269/421/126 268/422/127
f 303/423/128 341/424/128 364/425/128 365/426/128
f 366/427/129 367/428/130 236/429/130 270/430/130
f 363/431/131 366/432/131 270/337/131 269/302/131
f 368/337/132 369/302/132 263/433/132 265/434/132
f 365/340/133 370/341/134 247/435/133 303/436/133
f 370/339/135 368/340/136 265/437/135 247/438/135
f 371/439/137 360/440/137 294/302/137 264/441/137
f 369/442/138 371/440/139 264/433/138 263/443/138
f 297/444/19 357/445/19 361/446/19 360/447/19
f 372/448/140 373/449/140 363/450/140 362/451/140
f 373/452/141 374/302/141 366/453/141 363/454/141
f 365/455/18 364/456/18 359/457/18 302/458/18
f 374/459/142 375/460/142 367/461/142 366/462/142
f 302/463/18 301/464/18 370/465/18 365/466/18
f 301/467/143 299/302/143 368/468/143 370/469/143
f 299/470/144 295/471/144 369/472/144 368/473/144
f 298/474/19 297/475/19 360/476/19 371/477/19
f 295/478/145 298/479/145 371/302/145 369/480/145
f 376/481/102 377/482/102 378/483/102 379/484/102
f 380/485/146 381/486/146 382/487/146 383/464/146
f 384/485/146 385/486/146 386/487/146 387/464/146
f 388/485/146 389/486/146 390/487/146 391/464/146
f 379/322/26 378/488/26 392/489/26 393/303/26
f 383/490/26 382/491/26 394/268/26 395/492/26
f 387/493/26 386/494/26 396/303/26 397/495/26
f 391/490/26 390/491/26 398/268/26 399/492/26
f 393/496/107 392/497/107 400/498/107 401/304/107
f 395/499/147 394/302/147 402/500/147 403/501/147
f 397/487/147 396/464/147 404/485/147 405/486/147
f 399/499/147 398/302/147 406/500/147 407/501/147
f 401/309/97 400/502/97 408/489/97 409/303/97
f 403/503/148 402/268/148 410/504/148 411/505/148
f 405/499/148 404/302/148 412/506/148 413/507/148
f 407/503/148 406/268/148 414/504/148 415/505/148
f 285/508/117 346/509/117 416/510/117 417/511/117
f 418/512/117 419/513/117 420/514/117 421/515/117
f 422/516/117 423/517/117 424/518/117 425/519/117
f 426/520/117 427/521/117 428/522/117 429/523/117
f 285/508/108 417/511/108 430/524/108 286/525/108
f 421/515/108 420/514/108 431/526/108 432/527/108
f 422/516/108 425/519/108 433/528/108 434/529/108
f 426/520/108 429/523/108 435/530/108 436/531/108
f 286/268/28 430/532/28 437/533/28 281/534/28
f 432/535/28 431/536/28 438/537/28 439/538/28
f 434/539/28 433/540/28 440/541/28 441/542/28
f 436/543/28 435/266/28 442/544/28 443/545/28
f 281/302/18 437/546/18 444/547/18 279/548/18
f 439/534/18 438/549/18 445/550/18 446/551/18
f 441/552/18 440/553/18 447/554/18 448/555/18
f 443/556/18 442/557/18 449/558/18 450/559/18
f 279/302/18 444/546/18 451/560/18 280/304/18
f 446/534/18 445/549/18 452/561/18 453/309/18
f 448/552/18 447/553/18 454/562/18 455/563/18
f 450/556/18 449/557/18 456/564/18 457/565/18
f 280/303/28 451/566/28 458/567/28 253/309/28
f 453/568/28 452/569/28 459/570/28 460/571/28
f 455/267/28 454/572/28 461/573/28 462/574/28
f 457/575/28 456/576/28 463/551/28 464/577/28
f 253/303/28 458/566/28 465/578/28 248/322/28
f 460/568/28 459/569/28 466/579/28 467/580/28
f 462/267/28 461/572/28 468/581/28 469/582/28
f 464/575/28 463/576/28 470/583/28 471/584/28
f 248/303/28 465/566/28 472/567/28 249/309/28
f 467/568/28 466/569/28 473/570/28 474/571/28
f 469/267/28 468/572/28 475/573/28 476/574/28
f 471/575/28 470/576/28 477/551/28 478/577/28
f 249/303/19 472/585/19 479/586/19 250/268/19
f 474/565/19 473/587/19 480/588/19 481/556/19
f 476/563/19 475/589/19 482/590/19 483/552/19
f 478/309/19 477/591/19 484/592/19 485/534/19
f 250/593/19 479/594/19 486/595/19 272/464/19
f 481/596/19 480/597/19 487/598/19 488/599/19
f 483/600/19 482/601/19 489/602/19 490/603/19
f 485/604/19 484/605/19 491/606/19 492/607/19
f 272/302/28 486/608/28 493/609/28 290/442/28
f 488/610/28 487/611/28 494/612/28 495/613/28
f 490/614/28 489/615/28 496/616/28 497/617/28
f 492/618/28 491/619/28 498/620/28 499/621/28
f 290/622/109 493/623/109 500/624/109 291/625/109
f 495/626/109 494/627/109 501/628/109 502/629/109
f 497/630/109 496/631/109 503/632/109 504/633/109
f 499/634/109 498/635/109 505/636/109 506/637/109
f 500/624/118 507/638/118 350/639/118 291/625/118
f 502/629/118 501/628/118 508/640/118 509/641/118
f 503/632/118 510/642/118 511/643/118 504/633/118
f 505/636/118 512/644/118 513/645/118 506/637/118
f 514/496/106 515/497/106 377/498/106 376/304/106
f 516/506/149 517/507/149 381/499/149 380/302/149
f 518/506/149 519/507/149 385/499/149 384/302/149
f 520/506/149 521/507/149 389/499/149 388/302/149
f 522/485/146 523/486/146 524/487/146 525/464/146
f 526/506/149 527/507/149 523/499/149 522/302/149
f 528/646/118 529/647/118 351/401/118 332/380/118
f 328/383/109 530/648/109 528/646/109 332/380/109
f 331/379/28 531/649/28 530/650/28 328/376/28
f 337/387/19 532/651/19 531/652/19 331/384/19
f 338/391/19 533/653/19 532/654/19 337/388/19
f 314/353/28 534/655/28 533/656/28 338/350/28
f 312/353/28 535/655/28 534/657/28 314/354/28
f 308/353/28 536/655/28 535/656/28 312/350/28
f 311/349/18 537/658/18 536/659/18 308/346/18
f 317/349/18 538/658/18 537/660/18 311/356/18
f 322/373/28 539/661/28 538/662/28 317/370/28
f 325/369/108 540/663/108 539/664/108 322/366/108
f 325/369/117 344/397/117 541/665/117 540/663/117
f 542/503/148 543/268/148 544/504/148 545/505/148
f 546/499/147 547/302/147 543/500/147 542/501/147
f 525/490/26 524/491/26 547/268/26 546/492/26
f 548/666/102 549/667/102 550/668/102 551/669/102
f 552/535/26 553/536/26 549/670/26 548/671/26
f 554/610/107 555/611/107 553/612/107 552/613/107
f 556/535/97 557/536/97 555/537/97 554/538/97
f 558/672/117 559/673/117 427/521/117 426/520/117
f 436/531/108 560/674/108 558/672/108 426/520/108
f 443/545/28 561/675/28 560/676/28 436/543/28
f 450/559/18 562/677/18 561/588/18 443/556/18
f 457/565/18 563/587/18 562/588/18 450/556/18
f 464/577/28 564/678/28 563/679/28 457/575/28
f 471/584/28 565/680/28 564/679/28 464/575/28
f 478/577/28 566/678/28 565/679/28 471/575/28
f 485/534/19 567/549/19 566/561/19 478/309/19
f 492/607/19 568/681/19 567/682/19 485/604/19
f 499/621/28 569/683/28 568/684/28 492/618/28
f 506/637/109 570/685/109 569/686/109 499/634/109
f 506/637/118 513/645/118 571/687/118 570/685/118
f 551/610/106 550/611/106 572/612/106 573/613/106
f 574/688/102 575/689/102 576/690/102 577/691/102
f 578/539/26 579/540/26 575/692/26 574/693/26
f 580/614/107 581/615/107 579/616/107 578/617/107
f 582/539/97 583/540/97 581/541/97 580/542/97
f 422/516/117 584/694/117 585/695/117 423/517/117
f 434/529/108 586/696/108 584/694/108 422/516/108
f 441/542/28 587/697/28 586/698/28 434/539/28
f 448/555/18 588/699/18 587/590/18 441/552/18
f 455/563/18 589/589/18 588/590/18 448/552/18
f 462/574/28 590/700/28 589/701/28 455/267/28
f 469/582/28 591/702/28 590/701/28 462/267/28
f 476/574/28 592/700/28 591/701/28 469/267/28
f 483/552/19 593/553/19 592/562/19 476/563/19
f 490/603/19 594/703/19 593/704/19 483/600/19
f 497/617/28 595/705/28 594/706/28 490/614/28
f 504/633/109 596/707/109 595/708/109 497/630/109
f 511/643/118 597/709/118 596/707/118 504/633/118
f 577/614/106 576/615/106 598/616/106 599/617/106
f 600/710/102 601/711/102 602/712/102 603/713/102
f 603/714/106 602/706/106 604/705/106 605/715/106
f 606/716/118 607/717/118 510/642/118 503/632/118
f 606/716/109 503/632/109 496/631/109 608/718/109
f 608/719/28 496/616/28 489/615/28 609/720/28
f 609/721/19 489/602/19 482/601/19 610/722/19
f 610/723/19 482/590/19 475/589/19 611/724/19
f 611/725/28 475/573/28 468/572/28 612/726/28
f 612/727/28 468/581/28 461/572/28 613/726/28
f 613/725/28 461/573/28 454/572/28 614/726/28
f 614/728/18 454/562/18 447/553/18 615/729/18
f 615/730/18 447/554/18 440/553/18 616/729/18
f 616/731/28 440/541/28 433/540/28 617/732/28
f 617/733/108 433/528/108 425/519/108 618/734/108
f 425/519/117 424/518/117 619/735/117 618/734/117
f 620/736/97 621/698/97 622/697/97 623/737/97
f 623/714/107 622/706/107 624/705/107 625/715/107
f 625/736/26 624/698/26 601/738/26 600/739/26
f 626/485/146 627/486/146 628/487/146 629/464/146
f 629/493/26 628/494/26 630/303/26 631/495/26
f 631/487/147 630/464/147 632/485/147 633/486/147
f 633/499/148 632/302/148 634/506/148 635/507/148
f 618/734/117 619/735/117 559/673/117 558/672/117
f 618/734/108 558/672/108 560/674/108 617/733/108
f 617/732/28 560/676/28 561/675/28 616/731/28
f 616/729/18 561/588/18 562/677/18 615/730/18
f 615/729/18 562/588/18 563/587/18 614/728/18
f 614/726/28 563/679/28 564/678/28 613/725/28
f 613/726/28 564/679/28 565/680/28 612/727/28
f 612/726/28 565/679/28 566/678/28 611/725/28
f 611/724/19 566/561/19 567/549/19 610/723/19
f 610/722/19 567/682/19 568/681/19 609/721/19
f 609/720/28 568/684/28 569/683/28 608/719/28
f 608/718/109 569/686/109 570/685/109 606/716/109
f 570/685/118 571/687/118 607/717/118 606/716/118
f 636/506/149 637/507/149 627/499/149 626/302/149
f 638/740/102 639/741/102 640/742/102 641/743/102
f 641/608/106 640/744/106 642/745/106 643/609/106
f 644/746/118 645/747/118 512/644/118 505/636/118
f 644/746/109 505/636/109 498/635/109 646/748/109
f 646/497/28 498/620/28 491/619/28 647/498/28
f 647/749/19 491/606/19 484/605/19 648/750/19
f 648/546/19 484/592/19 477/591/19 649/560/19
f 649/751/28 477/551/28 470/576/28 650/752/28
f 650/753/28 470/583/28 463/576/28 651/752/28
f 651/751/28 463/551/28 456/576/28 652/752/28
f 652/585/18 456/564/18 449/557/18 653/586/18
f 653/754/18 449/558/18 442/557/18 654/586/18
f 654/502/28 442/544/28 435/266/28 655/489/28
f 655/755/108 435/530/108 429/523/108 656/756/108
f 429/523/117 428/522/117 657/757/117 656/756/117
f 658/532/97 659/758/97 660/759/97 661/533/97
f 661/608/107 660/744/107 662/745/107 663/609/107
f 663/532/26 662/758/26 639/760/26 638/761/26
f 664/485/146 665/486/146 666/487/146 667/464/146
f 667/490/26 666/491/26 668/268/26 669/492/26
f 669/499/147 668/302/147 670/500/147 671/501/147
f 671/503/148 670/268/148 672/504/148 673/505/148
f 656/756/117 657/757/117 343/396/117 324/368/117
f 656/756/108 324/368/108 323/367/108 655/755/108
f 655/489/28 323/372/28 316/371/28 654/502/28
f 654/586/18 316/348/18 310/357/18 653/754/18
f 653/586/18 310/348/18 309/347/18 652/585/18
f 652/752/28 309/352/28 313/351/28 651/751/28
f 651/752/28 313/352/28 315/355/28 650/753/28
f 650/752/28 315/352/28 339/351/28 649/751/28
f 649/560/19 339/390/19 336/389/19 648/546/19
f 648/750/19 336/386/19 330/385/19 647/749/19
f 647/498/28 330/378/28 329/377/28 646/497/28
f 646/748/109 329/382/109 333/381/109 644/746/109
f 333/381/118 352/402/118 645/747/118 644/746/118
f 674/506/149 675/507/149 665/499/149 664/302/149
f 266/464/102 676/762/102 677/763/102 267/607/102
f 267/302/106 677/764/106 678/765/106 277/442/106
f 293/766/118 354/767/118 529/647/118 528/646/118
f 293/766/109 528/646/109 530/648/109 245/768/109
f 245/496/28 530/650/28 531/649/28 278/304/28
f 278/340/19 531/652/19 532/651/19 275/769/19
f 275/302/19 532/654/19 533/653/19 256/304/19
f 256/770/28 533/656/28 534/655/28 257/771/28
f 257/772/28 534/657/28 535/655/28 258/771/28
f 258/770/28 535/656/28 536/655/28 239/771/28
f 239/303/18 536/659/18 537/658/18 240/268/18
f 240/576/18 537/660/18 538/658/18 242/268/18
f 242/309/28 538/662/28 539/661/28 243/303/28
f 243/773/108 539/664/108 540/663/108 282/774/108
f 540/663/117 541/665/117 342/775/117 282/774/117
f 234/268/97 679/776/97 680/777/97 235/534/97
f 235/302/107 680/764/107 681/765/107 271/442/107
f 271/268/26 681/776/26 676/778/26 266/779/26
f 237/268/117 340/395/117 342/394/117 234/340/117
f 234/268/117 342/775/117 541/665/117 679/658/117
f 544/268/150 682/780/150 683/781/150 545/503/150
f 326/349/117 344/397/117 343/396/117 327/348/117
f 672/268/150 684/780/150 685/781/150 673/503/150
f 658/586/117 657/757/117 428/522/117 659/557/117
f 414/268/150 686/780/150 687/781/150 415/503/150
f 556/556/117 427/521/117 559/673/117 557/588/117
f 634/302/150 688/782/150 689/783/150 635/499/150
f 620/729/117 619/735/117 424/518/117 621/553/117
f 412/302/150 690/782/150 691/783/150 413/499/150
f 423/517/117 585/695/117 583/590/117 582/552/117
f 411/503/150 410/268/150 692/780/150 693/781/150
f 408/546/117 416/510/117 346/509/117 409/302/117
f 409/268/92 346/395/92 345/398/92 401/534/92
f 401/534/92 345/398/92 347/399/92 393/779/92
f 393/779/92 347/399/92 348/400/92 379/749/92
f 379/749/92 348/400/92 349/393/92 376/784/92
f 376/784/92 349/393/92 350/392/92 514/785/92
f 514/464/118 350/639/118 507/638/118 515/595/118
f 694/786/151 695/787/151 517/487/151 516/464/151
f 599/603/118 598/703/118 597/709/118 511/643/118
f 518/464/151 696/786/151 697/787/151 519/487/151
f 604/602/118 510/642/118 607/717/118 605/721/118
f 636/464/151 698/786/151 699/787/151 637/487/151
f 572/681/118 571/687/118 513/645/118 573/607/118
f 520/340/151 700/788/151 701/789/151 521/790/151
f 642/606/118 512/644/118 645/747/118 643/749/118
f 674/340/151 702/788/151 703/789/151 675/790/151
f 334/385/118 352/402/118 351/401/118 335/384/118
f 526/340/151 704/788/151 705/789/151 527/790/151
f 678/652/118 529/647/118 354/767/118 277/340/118
f 277/268/118 354/395/118 353/394/118 276/340/118
f 276/268/152 353/395/121 355/398/120 268/534/153
f 268/302/154 355/417/154 361/416/155 362/791/154
f 362/792/19 361/446/19 357/445/19 372/793/19
f 372/794/156 357/405/157 356/404/158 373/334/158
f 373/302/20 356/409/122 358/408/20 374/337/20
f 374/340/20 358/413/20 359/412/20 375/795/20
f 375/796/18 359/457/18 364/456/18 367/797/18
f 367/798/159 364/425/160 341/424/159 236/436/159
f 236/784/161 341/393/116 340/392/115 237/785/161
f 682/799/162 544/800/162 679/801/163 541/802/162
f 683/803/164 682/800/164 541/804/164 344/805/164
f 545/268/165 683/780/165 344/806/165 326/800/165
f 544/807/166 543/808/167 680/302/168 679/506/167
f 542/268/169 545/504/169 326/809/169 320/800/169
f 543/810/170 547/811/170 681/464/170 680/485/170
f 546/302/171 542/500/171 320/812/171 318/808/171
f 547/813/172 524/814/172 676/491/172 681/268/172
f 525/491/173 546/268/173 318/813/173 304/814/173
f 524/464/174 523/485/175 677/810/175 676/811/175
f 522/810/176 525/811/176 304/464/177 307/485/176
f 704/815/178 526/811/179 335/464/179 351/816/178
f 705/817/180 704/811/180 351/818/180 529/819/180
f 527/340/181 705/788/182 529/820/181 678/821/182
f 523/302/183 527/506/183 678/807/183 677/808/183
f 526/807/184 522/808/184 307/302/185 335/506/184
f 684/799/163 672/800/163 327/268/163 343/802/163
f 685/803/164 684/800/164 343/804/164 657/805/164
f 673/268/186 685/780/165 657/806/186 658/800/165
f 672/807/166 670/808/166 321/302/168 327/506/166
f 671/268/169 673/504/169 658/809/169 661/800/169
f 670/810/170 668/811/187 319/464/170 321/485/170
f 669/302/171 671/500/171 661/812/171 663/808/188
f 668/813/172 666/814/172 305/491/172 319/268/172
f 667/491/173 669/268/173 663/813/173 638/814/173
f 666/464/174 665/485/175 306/810/174 305/811/174
f 664/810/176 667/811/176 638/464/177 641/485/176
f 665/302/183 675/506/183 334/807/183 306/808/183
f 674/807/184 664/808/184 641/302/185 643/506/184
f 702/815/178 674/811/179 643/464/179 645/816/179
f 703/817/180 702/811/180 645/818/180 352/819/180
f 675/340/181 703/788/182 352/820/181 334/821/181
f 686/799/162 414/800/162 659/268/163 428/802/163
f 687/803/164 686/800/164 428/804/164 427/805/164
f 415/268/186 687/780/186 427/806/186 556/800/186
f 414/809/167 406/800/168 660/268/168 659/504/168
f 407/268/169 415/504/169 556/809/169 554/800/169
f 406/812/170 398/808/170 662/302/170 660/500/170
f 399/302/171 407/500/171 554/812/171 552/808/171
f 398/813/172 390/814/172 639/491/172 662/268/172
f 391/491/173 399/268/173 552/813/173 548/814/173
f 390/464/174 389/485/175 640/810/174 639/811/174
f 388/822/176 391/821/176 548/340/176 551/823/176
f 389/302/183 521/506/183 642/807/183 640/808/183
f 520/824/184 388/811/189 551/464/184 573/825/184
f 700/826/179 520/821/179 573/340/179 513/827/179
f 701/828/180 700/821/180 513/829/180 512/830/180
f 521/464/182 701/786/182 512/831/182 642/811/182
f 630/813/172 628/814/172 549/491/172 553/268/172
f 629/491/190 631/268/190 625/813/190 600/814/190
f 632/812/170 630/808/170 553/302/170 555/500/187
f 631/302/171 633/500/171 623/812/171 625/808/188
f 634/809/166 632/800/168 555/268/168 557/504/167
f 633/268/169 635/504/169 620/809/169 623/800/169
f 628/464/174 627/485/175 550/810/174 549/811/174
f 626/822/176 629/821/176 600/340/176 603/823/176
f 627/302/183 637/506/183 572/807/183 550/808/183
f 636/824/185 626/811/184 603/464/185 605/825/184
f 688/799/163 634/800/163 557/268/163 559/802/163
f 689/803/164 688/800/164 559/804/164 619/805/164
f 635/268/186 689/780/165 619/806/186 620/800/165
f 698/826/179 636/821/179 605/340/179 607/827/179
f 699/817/180 698/811/180 607/818/180 571/819/180
f 637/464/182 699/786/182 571/831/182 572/811/182
f 690/799/162 412/800/162 621/801/163 424/802/162
f 691/832/164 690/833/164 424/804/164 423/834/164
f 413/268/186 691/780/165 423/806/186 582/800/186
f 412/809/168 404/800/168 622/268/168 621/504/167
f 405/268/169 413/504/169 582/809/169 580/800/169
f 404/835/170 396/836/170 624/302/170 622/500/187
f 397/302/171 405/500/171 580/812/171 578/808/188
f 396/813/172 386/814/172 601/491/172 624/268/172
f 387/491/190 397/268/190 578/813/190 574/814/190
f 386/464/174 385/485/174 602/810/174 601/811/174
f 384/810/176 387/811/176 574/464/176 577/485/176
f 385/302/183 519/506/183 604/807/183 602/808/183
f 518/807/185 384/808/184 577/302/185 599/506/184
f 696/826/179 518/821/179 599/340/179 511/827/179
f 697/817/180 696/811/180 511/818/180 510/819/180
f 519/464/182 697/786/182 510/831/182 604/811/182
f 706/490/26 707/491/26 708/268/26 709/492/26
f 709/499/147 708/302/147 710/500/147 711/501/147
f 711/503/148 710/268/148 712/504/148 713/505/148
f 713/503/150 712/268/150 714/780/150 715/781/150
f 716/837/117 585/695/117 584/694/117 717/838/117
f 717/838/108 584/694/108 586/696/108 718/839/108
f 718/736/28 586/698/28 587/697/28 719/737/28
f 719/723/18 587/590/18 588/699/18 720/840/18
f 720/723/18 588/590/18 589/589/18 721/724/18
f 721/841/28 589/701/28 590/700/28 722/842/28
f 722/841/28 590/701/28 591/702/28 723/843/28
f 723/841/28 591/701/28 592/700/28 724/842/28
f 724/728/19 592/562/19 593/553/19 725/729/19
f 725/844/19 593/704/19 594/703/19 726/337/19
f 726/714/28 594/706/28 595/705/28 727/715/28
f 727/845/109 595/708/109 596/707/109 728/846/109
f 728/846/118 596/707/118 597/709/118 729/847/118
f 730/786/151 731/787/151 732/487/151 733/464/151
f 733/506/149 732/507/149 734/499/149 735/302/149
f 735/485/146 734/486/146 707/487/146 706/464/146
f 378/488/26 736/848/26 737/543/26 392/489/26
f 392/497/107 737/621/107 738/618/107 400/498/107
f 400/502/97 738/545/97 739/543/97 408/489/97
f 408/546/117 739/534/117 418/512/117 416/510/117
f 416/510/117 418/512/117 421/515/117 417/511/117
f 417/511/108 421/515/108 432/527/108 430/524/108
f 430/532/28 432/535/28 439/538/28 437/533/28
f 437/546/18 439/534/18 446/551/18 444/547/18
f 444/546/18 446/534/18 453/309/18 451/560/18
f 451/566/28 453/568/28 460/571/28 458/567/28
f 458/566/28 460/568/28 467/580/28 465/578/28
f 465/566/28 467/568/28 474/571/28 472/567/28
f 472/585/19 474/565/19 481/556/19 479/586/19
f 479/594/19 481/596/19 488/599/19 486/595/19
f 486/608/28 488/610/28 495/613/28 493/609/28
f 493/623/109 495/626/109 502/629/109 500/624/109
f 500/624/118 502/629/118 509/641/118 507/638/118
f 507/638/118 509/641/118 740/599/118 515/595/118
f 515/497/106 740/621/106 741/618/106 377/498/106
f 377/482/102 741/849/102 736/850/102 378/483/102
f 742/732/26 743/676/26 744/851/26 745/852/26
f 745/853/102 744/854/102 746/855/102 747/856/102
f 747/720/106 746/684/106 748/683/106 749/719/106
f 749/337/118 748/598/118 508/640/118 729/847/118
f 729/847/118 508/640/118 501/628/118 728/846/118
f 728/846/109 501/628/109 494/627/109 727/845/109
f 727/715/28 494/612/28 487/611/28 726/714/28
f 726/337/19 487/598/19 480/597/19 725/844/19
f 725/729/19 480/588/19 473/587/19 724/728/19
f 724/842/28 473/570/28 466/569/28 723/841/28
f 723/843/28 466/579/28 459/569/28 722/841/28
f 722/842/28 459/570/28 452/569/28 721/841/28
f 721/724/18 452/561/18 445/549/18 720/723/18
f 720/840/18 445/550/18 438/549/18 719/723/18
f 719/737/28 438/537/28 431/536/28 718/736/28
f 718/839/108 431/526/108 420/514/108 717/838/108
f 717/838/117 420/514/117 419/513/117 716/837/117
f 716/837/117 419/513/117 750/549/117 751/723/117
f 751/732/97 750/676/97 752/675/97 753/731/97
f 753/720/107 752/684/107 743/683/107 742/719/107
f 708/813/172 707/814/172 575/491/172 579/268/172
f 706/494/190 709/303/190 742/857/190 745/858/190
f 710/812/170 708/808/170 579/302/170 581/500/187
f 709/302/171 711/500/171 753/812/171 742/808/188
f 712/809/166 710/800/166 581/268/166 583/504/166
f 711/268/169 713/504/169 751/809/169 753/800/169
f 714/859/163 712/833/163 583/268/163 585/802/163
f 715/832/164 714/833/164 585/804/164 716/834/164
f 713/302/186 715/782/186 716/860/186 751/808/186
f 707/340/174 734/823/174 576/822/174 575/821/174
f 735/810/176 706/811/176 745/464/176 747/485/176
f 734/464/183 732/825/183 598/824/183 576/811/183
f 733/807/184 735/808/184 747/302/184 749/506/184
f 731/817/180 730/811/180 729/818/180 597/819/180
f 732/340/182 731/788/182 597/820/182 598/821/182
f 730/815/179 733/811/178 749/464/179 729/816/179
f 692/799/162 410/800/162 750/268/162 419/802/163
f 693/803/164 692/800/164 419/804/164 418/805/164
f 411/302/186 693/782/186 418/860/186 739/808/186
f 410/809/166 402/800/168 752/268/166 750/504/167
f 403/268/169 411/504/169 739/809/169 738/800/169
f 402/812/170 394/808/170 743/302/170 752/861/187
f 395/302/171 403/500/191 738/812/171 737/808/171
f 394/813/172 382/814/172 744/491/172 743/268/172
f 383/494/190 395/303/190 737/857/190 736/858/190
f 382/340/174 381/823/174 746/822/174 744/821/174
f 380/810/176 383/811/192 736/464/176 741/485/192
f 381/464/183 517/825/183 748/824/183 746/811/183
f 516/807/184 380/808/185 741/302/184 740/506/189
f 695/817/180 694/811/180 509/818/180 508/819/180
f 517/340/182 695/788/182 508/820/182 748/821/182
f 694/815/193 516/811/178 740/464/178 509/816/179
f 754/862/194 755/863/195 756/864/196 757/865/196
f 758/866/197 759/867/197 760/868/197 761/869/197
f 761/870/198 760/871/198 755/872/198 754/873/198
f 757/874/199 756/875/199 759/876/199 758/877/199
f 762/878/200 763/879/200 764/880/200 765/881/200
f 764/882/28 757/874/28 758/877/28 765/883/28
f 765/884/18 758/866/18 761/869/18 762/885/18
f 762/886/26 761/870/26 754/873/26 763/887/26
f 763/888/19 754/862/19 757/865/19 764/889/19
f 766/268/201 767/890/201 768/891/201 769/785/201
f 767/892/18 766/893/18 760/894/18 759/895/18
f 768/785/202 767/268/202 759/303/202 756/314/202
f 769/896/19 768/893/19 756/897/19 755/898/19
f 766/785/203 769/268/203 755/303/203 760/314/203
f 770/302/19 771/268/19 772/303/19 773/304/19
f 774/304/18 775/302/18 776/268/18 777/303/18
f 775/303/26 771/304/26 770/302/26 776/268/26
f 773/304/28 772/302/28 774/268/28 777/303/28
f 772/304/92 771/302/92 775/268/92 774/303/92
f 776/302/20 770/268/20 773/303/20 777/304/20
f 778/771/204 779/899/204 780/900/204 781/268/204
f 779/771/205 782/899/205 783/900/205 780/268/205
f 782/771/206 784/899/206 785/900/206 783/268/206
f 784/771/207 786/899/207 787/900/207 785/268/207
f 786/771/208 788/899/208 789/900/208 787/268/208
f 788/771/209 790/899/209 791/900/209 789/268/209
f 790/771/28 778/899/28 781/900/28 791/268/28
f 792/901/20 793/902/20 784/903/20 782/904/20
f 793/905/20 794/906/20 786/907/20 784/908/20
f 794/909/20 795/910/20 788/911/20 786/912/20
f 796/913/20 797/914/20 779/915/20 778/916/20
f 797/917/20 792/918/20 782/919/20 779/920/20
f 798/921/20 796/922/20 778/923/20 790/268/20
f 795/924/20 798/925/20 790/926/20 788/927/20
f 799/928/92 800/929/92 785/930/92 787/931/92
f 800/932/92 801/933/92 783/934/92 785/935/92
f 801/936/92 802/937/92 780/938/92 783/939/92
f 802/940/92 803/941/92 781/942/92 780/943/92
f 803/944/92 804/945/92 791/946/92 781/947/92
f 804/948/92 805/949/92 789/950/92 791/951/92
f 805/952/92 799/953/92 787/954/92 789/931/92
f 803/268/26 796/771/26 798/955/26 804/956/26
f 795/957/210 805/958/210 804/268/210 798/771/210
f 794/959/211 799/960/211 805/268/211 795/771/211
f 793/961/212 800/962/212 799/268/212 794/771/212
f 792/961/213 801/962/213 800/268/213 793/771/213
f 797/959/214 802/960/214 801/268/214 792/771/214
f 796/957/215 803/958/215 802/268/215 797/771/215
o Gatillo
v 0.045227 0.079289 0.002695
v 0.049308 0.071813 0.002695
v 0.052541 0.075859 0.002695
v 0.050702 0.084221 0.002695
v 0.050702 0.084221 -0.002695
v 0.052541 0.075859 -0.002695
v 0.049308 0.071813 -0.002695
v 0.045227 0.079289 -0.002695
v 0.058770 0.068196 0.001078
v 0.056215 0.065714 0.001078
v 0.056215 0.065714 -0.001078
v 0.058770 0.068196 -0.001078
v 0.046716 0.092771 -0.002695
v 0.046716 0.092771 0.002695
v 0.042315 0.087745 -0.002695
v 0.042315 0.087745 0.002695
v 0.055072 0.071538 0.002156
v 0.055072 0.071538 -0.002156
v 0.053450 0.067351 0.002156
v 0.053450 0.067351 -0.002156
vn -0.0000 -0.0000 1.0000
vn -0.0000 -0.0000 -1.0000
vn 0.6968 -0.7173 -0.0000
vn -0.8777 -0.4791 -0.0000
vn 0.9767 0.2148 -0.0000
vn 0.9063 0.4226 -0.0000
vn -0.9455 -0.3257 -0.0000
vn -0.7523 0.6588 -0.0000
vn 0.8630 0.5053 -0.0000
vn 0.0914 -0.0354 0.9952
vn -0.7330 -0.6802 -0.0000
vn 0.1270 -0.0492 -0.9907
vn 0.6704 0.7420 -0.0000
vn 0.2104 -0.0815 0.9742
vn -0.5094 -0.8606 -0.0000
vn 0.3002 -0.1163 -0.9467
vn 0.3003 -0.1163 -0.9467
vt 0.017967 -1.884375
vt 0.024217 -1.982925
vt 0.078018 -1.956250
vt 0.099667 -1.859375
vt 0.150148 -1.859375
vt 0.171798 -1.956250
vt 0.225598 -1.982925
vt 0.231848 -1.884375
vt 1.625000 -1.875000
vt 1.625000 -1.937500
vt 1.687500 -1.937500
vt 1.687500 -1.875000
vt 0.000000 0.894087
vt 0.000000 0.795344
vt 0.062500 0.795344
vt 0.062500 0.894087
vt 0.437500 -0.859375
vt 0.437500 -0.958644
vt 0.500000 -0.958644
vt 0.500000 -0.859375
vt 0.500000 -0.750000
vt 0.437500 -0.750000
vt 0.221023 -1.781250
vt 0.150148 -1.750000
vt 0.062500 0.997781
vt 0.000000 0.997781
vt 0.099667 -1.750000
vt 0.028793 -1.781250
vt 1.750000 -1.937500
vt 1.750000 -1.875000
vt 0.443750 -1.016706
vt 0.493750 -1.016706
vt 0.024242 -1.982913
vt 0.046017 -2.050350
vt 0.083626 -2.014353
vt 0.006250 0.724756
vt 0.056250 0.724756
vt 0.171843 -1.956272
vt 0.166298 -2.014409
vt 0.203953 -2.050356
vt 0.481250 -1.074494
vt 0.456250 -1.074494
vt 0.107033 -2.068652
vt 0.046016 -2.050351
vt 0.068311 -2.082483
vt 0.043750 0.687500
vt 0.018750 0.687500
vt 0.181568 -2.082654
vt 0.166296 -2.014406
vt 0.143152 -2.068531
s 1
usemtl none.001
f 806/963/216 807/964/216 808/965/216 809/966/216
f 810/967/217 811/968/217 812/969/217 813/970/217
f 814/971/218 815/972/218 816/973/218 817/974/218
f 813/975/219 812/976/219 807/977/219 806/978/219
f 809/979/220 808/980/220 811/981/220 810/982/220
f 810/982/221 818/983/221 819/984/221 809/979/221
f 813/970/217 820/985/217 818/986/217 810/967/217
f 806/978/222 821/987/222 820/988/222 813/975/222
f 809/966/216 819/989/216 821/990/216 806/963/216
f 820/973/223 821/991/223 819/992/223 818/974/223
f 808/980/224 822/993/224 823/994/224 811/981/224
f 807/995/225 824/996/225 822/997/225 808/965/225
f 812/976/226 825/998/226 824/999/226 807/977/226
f 811/1000/227 823/1001/227 825/1002/227 812/969/227
f 817/1003/228 823/994/228 822/993/228 814/1004/228
f 814/1005/229 822/997/229 824/1006/229 815/1007/229
f 815/1008/230 824/999/230 825/998/230 816/1009/230
f 816/1010/231 825/1002/231 823/1011/232 817/1012/231
o Cargador
v 0.023171 0.000312 0.013546
v 0.024070 0.007109 0.013605
v -0.028178 0.008695 0.013619
v -0.030186 0.001906 0.013560
v -0.030766 0.002095 -0.012315
v -0.028714 0.008887 -0.012255
v 0.024070 0.007335 -0.012269
v 0.023171 0.000538 -0.012328
v -0.021241 0.005958 -0.006171
v -0.021241 0.005839 0.007484
v 0.021943 0.005468 0.007481
v 0.021943 0.005587 -0.006175
v 0.023241 -0.007133 0.013481
v -0.031879 -0.006247 0.013489
v -0.032511 -0.006062 -0.012386
v 0.023241 -0.006907 -0.012393
v -0.006177 0.083649 0.007804
v -0.006177 0.083762 -0.005133
v -0.010548 0.084189 -0.011598
v -0.010548 0.083964 0.014276
v 0.037066 0.082908 0.007798
v 0.041437 0.082480 0.014263
v 0.037066 0.083021 -0.005139
v 0.041437 0.082706 -0.011611
v 0.017421 0.000544 -0.013047
v 0.017456 -0.003178 -0.013079
v -0.031639 -0.001977 -0.013069
v -0.030766 0.002101 -0.013033
v 0.029640 0.000379 0.012828
v 0.029675 -0.002624 0.012801
v 0.029675 -0.002411 -0.011635
v 0.029640 0.000593 -0.011609
v -0.030186 0.001900 0.014278
v -0.031033 -0.002177 0.014243
v 0.017456 -0.003417 0.014232
v 0.017421 0.000306 0.014265
v -0.031333 0.002117 -0.012159
v -0.033643 -0.001967 -0.011476
v -0.033037 -0.002142 0.012961
v -0.030753 0.001929 0.013715
v -0.032511 -0.006055 -0.013105
v 0.017491 -0.006901 -0.013112
v 0.017491 -0.007139 0.014200
v -0.031879 -0.006253 0.014207
v -0.033165 -0.006212 0.012207
v -0.033797 -0.006052 -0.010793
v 0.029709 -0.005414 -0.011661
v 0.029709 -0.005628 0.012775
v -0.031639 -0.001983 -0.012350
vn -0.0000 -0.0087 1.0000
vn -0.0000 0.0087 -1.0000
vn 0.0086 0.9999 0.0087
vn -0.0170 -0.9998 -0.0076
vn -0.0161 -0.9998 -0.0068
vn -0.9587 0.2834 0.0220
vn -0.9587 0.2835 0.0220
vn 0.9914 -0.1310 -0.0011
vn 0.0845 0.9964 0.0087
vn 0.0171 0.9992 -0.0370
vn 0.0171 0.9992 -0.0369
vn 0.9818 -0.1901 -0.0017
vn -0.0001 0.0041 -1.0000
vn -0.9815 0.1917 0.0017
vn -0.0001 -0.0133 0.9999
vn 0.9999 0.0116 0.0001
vn -0.8683 0.4953 0.0251
vn -0.8684 0.4953 0.0251
vn -0.9719 0.2343 0.0219
vn 0.9745 -0.2245 -0.0020
vn 0.0323 0.9994 0.0087
vn 0.0369 0.9993 0.0089
vn -0.0168 -0.9920 0.1253
vn -0.0168 -0.9920 0.1254
vn -0.0167 -0.9920 0.1253
vn 0.0323 0.9631 0.2671
vn 0.0305 0.9632 0.2671
vn -0.0179 -0.9998 -0.0087
vn -0.0181 -0.9998 -0.0087
vn 0.0409 0.9991 0.0064
vn 0.0417 0.9991 0.0085
vn 0.0416 0.9991 0.0085
vn -0.0163 -0.9998 -0.0081
vn -0.0156 -0.9999 -0.0065
vn -0.0094 0.9999 0.0087
vn 0.2257 -0.9742 -0.0085
vn -0.0701 0.8296 -0.5539
vn 0.1238 -0.0680 0.9900
vn 0.1168 -0.0075 0.9931
vn -0.0701 0.8198 0.5683
vn 0.1238 -0.0507 -0.9910
vn 0.1168 0.0099 -0.9931
vn -0.9993 0.0268 0.0250
vn -0.3970 -0.1368 -0.9076
vn -0.3970 -0.1368 -0.9075
vn -0.9779 0.2092 0.0018
vn 0.1167 0.0099 -0.9931
vn 0.1168 -0.0071 0.9931
vn 0.0415 0.9991 0.0087
vn 0.6158 -0.1385 0.7756
vn 0.6158 -0.1386 0.7756
vn 0.9972 -0.0743 -0.0006
vn -0.0183 -0.9998 -0.0087
vn -0.6158 0.1385 -0.7756
vn -0.5314 0.1435 0.8349
vn -0.5313 0.1435 0.8349
vn -0.5353 -0.1376 0.8334
vt 0.437500 -1.272360
vt 0.437500 -1.209860
vt 0.033014 -1.332288
vt 0.035686 -1.393793
vt 1.526652 0.599326
vt 1.588302 0.597003
vt 1.712531 1.000000
vt 1.650031 1.000000
vt 1.375000 -2.062500
vt 1.500000 -2.062500
vt 1.500000 -1.687500
vt 1.375000 -1.687500
vt 0.812500 -1.375000
vt 0.380477 -1.375000
vt 0.375000 -1.625000
vt 0.812500 -1.625000
vt 1.375000 -1.611669
vt 1.375000 -1.550105
vt 1.125000 -1.551713
vt 1.125000 -1.613406
vt 1.937500 -0.922662
vt 1.937500 -0.858268
vt 1.687500 -0.858268
vt 1.687500 -0.922662
vt 2.618436 -0.726946
vt 2.505936 -0.726946
vt 2.449686 -0.765090
vt 2.674686 -0.765090
vt 2.619016 -0.350868
vt 2.674689 -0.765092
vt 2.675153 -0.312899
vt 2.506516 -0.350722
vt 2.675314 -0.312790
vt 2.450314 -0.312500
vt 2.506081 -0.350867
vt 2.449790 -0.312786
vt 2.449848 -0.764980
vt 0.878125 0.500000
vt 0.996875 0.500000
vt 0.993750 0.562500
vt 0.881250 0.562500
vt 0.780383 -1.811979
vt 0.780383 -2.187500
vt 0.844617 -2.182062
vt 0.841407 -1.805994
vt 0.190625 0.437500
vt 0.309375 0.437500
vt 0.306250 0.500000
vt 0.193750 0.500000
vt 2.340494 -1.812500
vt 2.716017 -1.812500
vt 2.722006 -1.753217
vt 2.345938 -1.750000
vt 1.612499 1.000000
vt 1.489631 0.600720
vt 1.687500 -0.961331
vt 1.937500 -0.961331
vt 0.037290 -1.430726
vt 0.437500 -1.309891
vt 1.125000 -1.650453
vt 1.375000 -1.648638
vt 2.484891 1.000000
vt 2.350168 0.568303
vt 1.125000 -0.789319
vt 1.375000 -0.789319
vt 0.000000 -0.572223
vt 0.437500 -0.437500
vt 1.687500 -0.062500
vt 1.937500 -0.062500
vt 0.750000 1.000000
vt 0.750000 0.580763
vt 0.812500 0.580763
vt 0.812500 1.000000
vt 0.812500 0.564987
vt 0.750000 0.564987
vt 0.187500 -0.351712
vt 0.187500 0.062500
vt 0.125000 0.062500
vt 0.125000 -0.351712
vt 0.062500 0.000000
vt 0.062500 -0.429531
vt 0.125000 -0.429531
vt 0.125000 0.000000
vt 0.500001 -0.312500
vt 0.725055 -0.312500
vt 0.725054 -0.250000
vt 0.500000 -0.250000
vt 0.625000 -0.187623
vt 0.625000 -0.412692
vt 0.687500 -0.412569
vt 0.687500 -0.187500
vt 1.037500 0.062500
vt 0.812500 0.062500
vt 0.812500 0.000000
vt 1.037500 0.000000
vt 0.812500 -0.062500
vt 1.037500 -0.062500
vt 0.000000 0.975000
vt 0.006250 0.975000
vt 0.000000 1.000000
vt 0.000000 0.971812
vt 0.006250 0.971812
vt 0.006250 1.000000
vt 0.000137 0.999758
vt 0.000069 0.967388
vt 0.025908 0.973880
vt 0.025908 1.000000
vt 0.064982 1.000000
vt 0.038862 1.000000
vt 0.032370 0.974161
vt 0.064740 0.974229
vt 1.375000 -1.685606
vt 1.125000 -1.687500
vt 0.562500 -0.312944
vt 0.598768 -0.312725
vt 0.598768 -0.250222
vt 0.562501 -0.250444
vt 0.750000 0.739969
vt 0.750000 0.776234
vt 0.687500 0.776234
vt 0.687500 0.739969
vt 1.452609 0.602114
vt 1.574968 1.000000
vt 0.000000 0.974092
vt 0.012742 1.000000
vt 1.937500 -1.000000
vt 1.687500 -1.000000
vt 0.025908 0.947759
vt 0.000000 0.935018
vt 0.437500 -1.347422
vt 0.038894 -1.467660
vt 0.007600 0.995069
vt 0.007600 1.000000
vt 0.001350 1.000000
vt 0.000000 0.988819
vt 0.035667 0.980987
vt 0.035667 1.000000
vt 0.000000 0.993435
vt 0.000270 0.980146
vt 0.001350 0.995062
vt 0.011707 0.999499
vt 0.000000 0.960589
vt 0.017790 0.963944
vt 0.017790 1.000000
vt 0.004900 0.988819
vt 0.018769 1.000000
vt 0.000662 1.000000
vt 0.000000 0.964536
vt 0.012091 0.964460
s 1
usemtl none.001
f 826/1013/233 827/1014/233 828/1015/233 829/1016/233
f 830/1017/234 831/1018/234 832/1019/234 833/1020/234
f 834/1021/235 835/1022/235 836/1023/235 837/1024/235
f 838/1025/236 839/1026/236 840/1027/237 841/1028/237
f 829/1029/238 828/1030/239 831/1031/238 830/1032/239
f 833/1033/240 832/1034/240 827/1035/240 826/1036/240
f 842/1037/241 843/1038/241 844/1039/241 845/1040/241
f 846/1041/242 842/1037/243 845/1042/242 847/1043/243
f 848/1044/241 846/1041/241 847/1045/241 849/1046/241
f 843/1038/242 848/1047/242 849/1048/243 844/1049/242
f 835/1050/244 834/1051/244 843/1052/244 842/1053/244
f 836/1054/245 835/1055/245 842/1056/245 846/1057/245
f 837/1058/246 836/1059/246 846/1060/246 848/1061/246
f 834/1062/247 837/1063/247 848/1064/247 843/1065/247
f 850/1020/234 851/1066/234 852/1067/234 853/1017/234
f 854/1036/248 855/1068/248 856/1069/248 857/1033/248
f 858/1016/233 859/1070/233 860/1071/233 861/1013/233
f 862/1032/249 863/1072/250 864/1073/249 865/1029/250
f 849/1074/234 832/1019/234 831/1018/234 844/1075/234
f 844/1076/251 831/1031/251 828/1030/251 845/1077/251
f 845/1078/233 828/1015/233 827/1014/233 847/1079/233
f 847/1080/252 827/1035/252 832/1034/252 849/1081/252
f 850/1082/253 853/1083/254 830/1084/254 833/1085/253
f 866/1086/255 867/1085/256 841/1082/257 840/1087/255
f 858/1088/258 861/1089/258 826/1090/258 829/1091/259
f 868/1092/260 869/1093/261 839/1094/236 838/1095/236
f 862/1096/262 865/1097/263 829/1098/264 830/1099/262
f 870/1100/265 871/1101/266 840/1102/266 839/1103/236
f 854/1104/267 857/1105/267 833/1106/267 826/1107/267
f 872/1107/268 873/1106/268 838/1108/268 841/1109/268
f 826/1110/269 861/1111/269 854/1112/269
f 868/1113/270 838/1114/270 873/1115/270
f 861/1116/271 860/1117/271 855/1118/271 854/1119/271
f 850/1110/272 833/1111/272 857/1115/272
f 867/1114/273 872/1112/273 841/1113/273
f 857/1120/274 856/1121/274 851/1122/274 850/1123/274
f 870/1124/275 864/1073/275 863/1072/275 871/1125/275
f 871/1126/276 863/1127/277 874/1128/276 840/1129/276
f 840/1130/278 874/1131/278 852/1132/278 866/1133/278
f 866/1134/234 852/1067/234 851/1066/234 867/1135/234
f 867/1136/279 851/1122/274 856/1121/274 872/1137/279
f 872/1138/248 856/1069/248 855/1068/248 873/1139/248
f 873/1140/280 855/1118/271 860/1117/271 868/1141/280
f 868/1142/233 860/1071/233 859/1070/233 869/1143/233
f 862/1144/281 830/1115/254 853/1112/254
f 863/1112/282 852/1112/283 853/1112/283 862/1112/282
f 862/1112/284 874/1112/284 852/1112/284
f 866/1145/285 840/1146/285 871/1147/285
f 863/1148/286 852/1149/286 866/1150/286 871/1151/286
f 829/1112/264 865/1152/263 858/1115/281
f 865/1153/287 864/1154/287 859/1155/288 858/1156/287
f 870/1157/265 839/1115/236 869/1112/261
f 859/1158/289 864/1159/289 870/1160/289 869/1161/289
o Corredera
v -0.003357 0.140953 0.011500
v -0.010544 0.140953 0.011500
v -0.010544 0.130891 0.011500
v 0.007425 0.130891 0.011500
v -0.010544 0.130891 -0.010063
v -0.010544 0.140953 -0.010063
v -0.003357 0.140953 -0.010063
v 0.007425 0.130891 -0.010063
v -0.010544 0.142391 -0.002516
v -0.010544 0.139516 -0.001977
v -0.003357 0.139516 -0.001977
v -0.003357 0.142391 -0.002516
v 0.007425 0.130891 -0.004672
v 0.007425 0.130891 -0.001977
v -0.010544 0.130891 -0.001977
v -0.010544 0.130891 -0.004672
v -0.010544 0.142391 0.003953
v -0.010544 0.139516 0.003414
v -0.010544 0.130891 0.003414
v -0.010544 0.130891 0.006109
v 0.007425 0.130891 0.003414
v 0.007425 0.130891 0.006109
v -0.003357 0.139516 0.003414
v -0.003357 0.142391 0.003953
v -0.010544 0.130891 0.008805
v -0.010544 0.142391 0.008805
v 0.007425 0.130891 0.008805
v -0.003357 0.142391 0.008805
v -0.010544 0.142391 -0.007367
v -0.010544 0.130891 -0.007367
v -0.003357 0.142391 -0.007367
v 0.007425 0.130891 -0.007367
v -0.010544 0.130891 0.000719
v -0.010544 0.139516 0.000719
v -0.003357 0.139516 0.000719
v 0.007425 0.130891 0.000719
v 0.176331 0.109547 -0.004312
v 0.176331 0.115797 -0.009344
v 0.057737 0.115797 -0.009344
v 0.057737 0.109547 -0.004312
v 0.057737 0.096032 -0.004312
v 0.057737 0.096032 -0.009344
v 0.176331 0.096032 -0.009344
v 0.176331 0.096032 -0.004312
v -0.022853 0.096144 -0.000659
v -0.022108 0.100054 -0.000659
v -0.022108 0.100054 -0.002036
v -0.022853 0.096144 -0.002036
v 0.176331 0.096032 -0.009344
v 0.176331 0.098907 -0.009344
v 0.176331 0.098907 -0.004312
v 0.176331 0.096032 -0.004312
v -0.008999 0.096032 -0.004313
v -0.008999 0.096032 -0.009344
v 0.057737 0.135203 -0.009344
v 0.004348 0.135203 -0.009344
v 0.004348 0.136641 -0.004313
v 0.057737 0.136641 -0.004312
v 0.057737 0.133766 0.015094
v 0.004348 0.133766 0.015094
v -0.003661 0.121136 0.015813
v 0.057737 0.115797 0.015813
v 0.057737 0.115797 -0.014375
v -0.003660 0.121136 -0.014375
v 0.004348 0.133766 -0.013656
v 0.057737 0.133766 -0.013656
v -0.011667 0.130487 -0.000659
v -0.011667 0.130487 -0.002036
v -0.017731 0.123027 -0.002036
v -0.017731 0.123027 -0.000659
v -0.014138 0.136641 -0.004313
v -0.014138 0.135203 -0.009344
v -0.016833 0.131071 -0.001917
v -0.016833 0.131071 -0.000599
v -0.024919 0.122985 -0.003234
v -0.016833 0.131071 -0.003234
v -0.014138 0.133766 -0.013656
v -0.024919 0.122985 -0.014375
v -0.016833 0.131071 0.004672
v -0.024919 0.122985 0.004672
v -0.024919 0.122985 0.015813
v -0.014138 0.133766 0.015094
v -0.032107 0.096032 0.015812
v -0.031061 0.099952 0.015812
v -0.030754 0.101411 0.004672
v -0.031747 0.096032 0.004672
v -0.031747 0.096032 -0.003234
v -0.030754 0.101411 -0.003234
v -0.031061 0.099952 -0.014375
v -0.032106 0.096032 -0.014375
v -0.017731 0.123027 -0.003414
v -0.011667 0.130487 -0.003414
v -0.011667 0.130487 0.004852
v -0.017731 0.123027 0.004852
v -0.022108 0.100054 0.004852
v -0.022853 0.096144 0.004852
v -0.022853 0.096144 -0.003414
v -0.022108 0.100054 -0.003414
v 0.057737 0.136641 0.005750
v 0.004348 0.136641 0.005750
v 0.004348 0.135203 0.010781
v 0.057737 0.135203 0.010781
v -0.016833 0.131071 0.002036
v -0.016833 0.131071 0.003354
v -0.014138 0.135203 0.010781
v -0.014138 0.136641 0.005750
v -0.011667 0.130487 0.002096
v -0.011667 0.130487 0.003474
v -0.017731 0.123027 0.002096
v -0.017731 0.123027 0.003474
v -0.022853 0.096144 0.003474
v -0.022108 0.100054 0.003474
v -0.022108 0.100054 0.002096
v -0.022853 0.096144 0.002096
v 0.057737 0.096032 0.010781
v -0.008999 0.096032 0.010781
v -0.008999 0.096032 0.005750
v 0.057737 0.096032 0.005750
v 0.176331 0.096032 0.005750
v 0.176331 0.096032 0.010781
v 0.176331 0.096032 0.005750
v 0.176331 0.098907 0.005750
v 0.176331 0.098907 0.010781
v 0.176331 0.096032 0.010781
v 0.057737 0.109547 0.005750
v 0.057737 0.115797 0.010781
v 0.176331 0.115797 0.010781
v 0.176331 0.109547 0.005750
v 0.176331 0.115797 0.015813
v 0.176331 0.115797 -0.014375
v -0.032107 0.096032 0.015812
v -0.022853 0.096144 0.004852
v -0.022853 0.096144 0.003474
v -0.022853 0.096144 0.002096
v -0.022853 0.096144 -0.000659
v -0.022853 0.096144 -0.002036
v -0.022853 0.096144 -0.003414
v -0.032106 0.096032 -0.014375
v 0.176331 0.098907 -0.014375
v 0.057737 0.098907 -0.014375
v -0.008223 0.099683 -0.014375
v -0.008223 0.099683 0.015813
v 0.057737 0.098907 0.015813
v 0.176331 0.098907 0.015813
v -0.008999 0.096032 -0.014375
v -0.008999 0.096032 -0.014375
v -0.008999 0.096032 0.015813
v -0.008999 0.096032 0.015813
v 0.013894 0.130172 0.016531
v -0.010544 0.130172 0.016531
v -0.010544 0.121188 0.016531
v 0.013894 0.121188 0.016531
v -0.010544 0.121188 -0.015094
v -0.010544 0.130172 -0.015094
v 0.013894 0.130172 -0.015094
v 0.013894 0.121188 -0.015094
v -0.003562 0.115797 0.016531
v -0.010544 0.115797 0.016531
v -0.010544 0.115797 -0.015094
v -0.003562 0.115797 -0.015094
vn -0.0000 -0.0000 1.0000
vn -0.0000 -0.0000 -1.0000
vn -0.0000 0.1843 0.9829
vn -0.0000 -1.0000 -0.0000
vn -1.0000 -0.0000 -0.0000
vn 0.1459 0.1824 0.9724
vn 0.1459 0.1823 0.9724
vn 0.1458 0.1823 0.9724
vn 0.6247 0.7808 -0.0000
vn 0.6247 0.7809 -0.0000
vn -0.0000 0.1843 -0.9829
vn 0.7295 0.6839 -0.0000
vn -0.0000 1.0000 -0.0000
vn -0.0000 0.8824 0.4706
vn -0.0000 0.8824 -0.4706
vn 0.6854 0.6425 -0.3427
vn -0.0000 0.6271 0.7790
vn -0.9823 0.1871 -0.0000
vn 1.0000 -0.0000 -0.0000
vn -0.0026 -1.0000 -0.0000
vn -0.0000 0.9615 -0.2747
vn -0.0000 0.0568 0.9984
vn 0.0023 0.0561 0.9984
vn 0.0017 0.0574 0.9983
vn 0.0047 0.0539 -0.9985
vn 0.0017 0.0574 -0.9984
vn 0.0023 0.0561 -0.9984
vn -0.7759 0.6308 -0.0000
vn -0.9125 0.3932 -0.1123
vn -0.9125 0.3932 -0.1124
vn -0.9126 0.3932 -0.1124
vn -0.7071 0.7071 -0.0000
vn -0.9662 0.2577 0.0071
vn -0.9657 0.2594 0.0074
vn -0.9834 0.1815 0.0033
vn -0.9834 0.1816 0.0033
vn -0.1123 -0.9937 -0.0000
vn 0.0318 -0.0259 0.9992
vn 0.0319 -0.0259 0.9992
vn 0.0251 -0.0204 -0.9995
vn 0.0202 -0.0038 -0.9998
vn 0.0202 -0.0038 0.9998
vn 0.0198 -0.0047 0.9998
vn -0.0000 0.9615 0.2747
vn -0.8376 0.5463 -0.0000
vn -0.9002 0.4356 -0.0000
vn -0.0069 -1.0000 -0.0000
vn -0.0000 0.6271 -0.7790
vn -0.0000 0.9487 0.3162
vn -0.9187 0.3747 0.1249
vn -0.0000 0.9487 -0.3162
vn 0.8893 -0.4543 -0.0522
vn 0.8905 -0.4549 -0.0018
vn -0.3499 -0.9239 -0.1549
vn 0.3547 -0.9239 -0.1436
vn 0.1838 0.7136 -0.6760
vn -0.0285 -0.0001 0.9996
vn -0.0286 -0.0000 0.9996
vn -0.0285 -0.0000 0.9996
vn -0.0212 -0.0000 -0.9998
vn 0.1839 0.7135 0.6761
vn 0.1549 -0.9239 0.3499
vn 0.1436 -0.9239 -0.3547
vn -0.9662 0.2577 -0.0071
vn -0.9662 0.2577 -0.0070
vn 0.0199 -0.0054 0.9998
vn -0.9653 0.2611 0.0076
vn -0.8584 0.4595 0.2280
vn 0.0047 0.0539 0.9985
vn 0.0047 0.0538 0.9985
vn -0.0000 0.0568 -0.9984
vn 0.3535 -0.9239 0.1464
vn -0.0000 -0.8682 0.4961
vn -0.0000 -0.8682 -0.4961
vn -0.0000 -0.8682 -0.4962
vn -0.0000 -0.8093 0.5874
vn -0.9781 0.2080 -0.0000
vn -0.0126 0.9999 -0.0004
vn -0.0126 0.9999 0.0004
vn -0.0070 -0.9998 0.0162
vn -0.0071 -0.9998 0.0162
vn 1.0000 -0.0029 0.0067
vn 0.6526 0.7348 -0.1846
vn 1.0000 -0.0027 0.0018
vn 0.0058 0.9999 0.0134
vn 0.0070 0.9998 0.0162
vn 0.0071 0.9998 0.0162
vn -0.0081 -1.0000 -0.0000
vn 0.7043 -0.7099 -0.0000
vn 0.9240 -0.3825 0.0035
vn 0.2951 -0.9555 -0.0000
vt 0.125000 0.950369
vt 0.062500 0.950369
vt 0.062500 0.894119
vt 0.125000 0.894119
vt 1.062500 -0.293381
vt 1.062500 -0.237131
vt 1.000000 -0.237131
vt 1.000000 -0.293381
vt 1.437500 0.937500
vt 1.437500 0.875000
vt 1.500000 0.875000
vt 1.500000 0.937500
vt 2.359375 -1.625000
vt 2.382812 -1.625000
vt 2.382812 -1.562500
vt 2.359375 -1.562500
vt 0.953125 -1.850000
vt 0.976562 -1.850000
vt 0.976562 -1.787500
vt 0.953125 -1.750000
vt 1.765625 -1.750000
vt 1.742188 -1.787500
vt 1.742188 -1.850000
vt 1.765625 -1.850000
vt 1.046875 -1.750000
vt 1.023438 -1.787500
vt 1.023438 -1.850000
vt 1.046875 -1.850000
vt 2.453125 -1.562500
vt 2.429688 -1.562500
vt 2.429688 -1.625000
vt 2.453125 -1.625000
vt 1.671875 -1.850000
vt 1.695312 -1.850000
vt 1.695312 -1.787500
vt 1.671875 -1.750000
vt 0.125000 -0.437500
vt 0.125000 -0.500000
vt 0.187500 -0.500000
vt 0.187500 -0.437500
vt 1.070312 -1.850000
vt 1.070312 -1.750000
vt 2.476562 -1.625000
vt 2.476562 -1.562500
vt 1.648438 -1.750000
vt 1.648438 -1.850000
vt 1.000000 -0.437500
vt 1.062500 -0.437500
vt 1.062500 -0.375000
vt 1.000000 -0.375000
vt 0.929688 -1.750000
vt 0.929688 -1.850000
vt 1.500000 1.000000
vt 1.437500 1.000000
vt 1.789062 -1.850000
vt 1.789062 -1.750000
vt 2.335938 -1.562500
vt 2.335938 -1.625000
vt 1.000000 -1.850000
vt 1.000000 -1.787500
vt 2.906250 -1.250000
vt 2.929688 -1.250000
vt 2.929688 -1.187500
vt 2.906250 -1.187500
vt 1.718750 -1.787500
vt 1.718750 -1.850000
vt 2.406250 -1.625000
vt 2.406250 -1.562500
vt 1.093750 -1.793750
vt 1.093750 -1.850000
vt 2.500000 -1.562500
vt 2.500000 -1.625000
vt 1.625000 -1.850000
vt 1.625000 -1.793750
vt 0.125000 1.000000
vt 0.062500 1.000000
vt 2.882812 -1.187500
vt 2.882812 -1.250000
vt 0.906250 -1.850000
vt 0.906250 -1.793750
vt 1.062500 -0.187500
vt 1.000000 -0.187500
vt 1.812500 -1.793750
vt 1.812500 -1.850000
vt 2.312500 -1.625000
vt 2.312500 -1.562500
vt 0.020833 1.000000
vt 0.010417 1.000000
vt 0.010417 0.964439
vt 0.020833 0.964439
vt 0.020833 0.973061
vt 0.010417 0.973061
vt 0.010417 0.937500
vt 0.020833 0.937500
vt 0.073958 0.829437
vt 0.073958 0.854247
vt 0.068229 0.854247
vt 0.068229 0.829437
vt 0.052083 0.937500
vt 0.052083 0.946591
vt 0.041667 0.946591
vt 0.041667 0.937500
vt 0.020833 0.993071
vt 0.010417 0.993071
vt 0.010417 0.944429
vt 0.020833 0.944429
vt 0.781250 1.000000
vt 0.200931 1.000000
vt 0.200931 0.937500
vt 0.781250 0.937500
vt 0.175000 0.937500
vt 0.218750 0.937500
vt 0.218750 1.000000
vt 0.175000 1.000000
vt 0.000000 0.937500
vt 0.580319 0.937500
vt 0.580319 1.000000
vt 0.000000 1.000000
vt 0.136458 1.000000
vt 0.130729 1.000000
vt 0.130729 0.925419
vt 0.136458 0.925419
vt 0.087500 1.000000
vt 0.043750 1.000000
vt 0.087500 0.966856
vt 0.109375 0.966856
vt 0.065625 0.867419
vt 0.065625 0.966856
vt 0.000000 0.867419
vt 0.250000 0.966856
vt 0.250000 0.867419
vt 0.315625 0.867419
vt 0.315625 1.000000
vt 0.065625 0.757438
vt 0.065625 0.792719
vt 0.000000 0.844542
vt 0.000000 0.818081
vt 0.065625 0.818081
vt 0.065625 0.844542
vt 0.000000 0.792719
vt 0.000000 0.757438
vt 0.085417 1.000000
vt 0.073958 1.000000
vt 0.085417 0.975144
vt 0.091146 0.975144
vt 0.017188 0.900563
vt 0.017188 0.975144
vt 0.000000 0.900563
vt 0.187500 0.975144
vt 0.187500 0.900563
vt 0.204688 0.900563
vt 0.204688 1.000000
vt 0.142188 0.772581
vt 0.142188 0.805661
vt 0.125000 0.854247
vt 0.125000 0.829437
vt 0.017188 0.829437
vt 0.017188 0.854247
vt 0.000000 0.805661
vt 0.000000 0.772581
vt 0.041667 0.964439
vt 0.041667 0.944429
vt 0.052083 0.944429
vt 0.052083 0.964439
vt 0.153125 0.966856
vt 0.175000 0.966856
vt 0.102604 0.975144
vt 0.108333 0.975144
vt 0.119792 1.000000
vt 0.108333 1.000000
vt 0.147917 0.925419
vt 0.153646 0.925419
vt 0.153646 1.000000
vt 0.147917 1.000000
vt 0.091146 0.829437
vt 0.091146 0.854247
vt 0.085417 0.854247
vt 0.085417 0.829437
vt 0.052083 0.973061
vt 0.052083 0.993071
vt 0.041667 0.993071
vt 0.041667 0.973061
vt 0.020833 0.946591
vt 0.010417 0.946591
vt 0.052083 1.000000
vt 0.041667 1.000000
vt 0.043750 0.937500
vt 0.087500 0.937500
vt 0.062500 0.944429
vt 0.062500 0.964439
vt 0.262500 1.000000
vt 0.196875 0.966856
vt 0.131250 1.000000
vt 0.114063 0.975144
vt 0.159375 1.000000
vt 0.159375 0.925419
vt 0.096875 0.829437
vt 0.096875 0.854247
vt 0.000000 0.964439
vt 0.000000 0.944429
vt 0.262500 0.937500
vt 0.062500 0.854247
vt 0.062500 0.829437
vt 0.125000 0.925419
vt 0.079687 0.975144
vt 0.000000 0.946591
vt 0.035561 0.946591
vt 0.035561 1.000000
vt 0.055571 0.946591
vt 0.055571 1.000000
vt 0.065625 1.000000
vt 0.017188 1.000000
vt 0.068229 1.000000
vt 0.091146 1.000000
vt 0.096875 1.000000
vt 0.142188 1.000000
vt 0.026939 1.000000
vt 0.006929 1.000000
vt 0.006929 0.946591
vt 0.026939 0.946591
vt 0.062500 0.946591
vt 0.062500 0.937500
vt 0.055571 0.937500
vt 0.006929 0.937500
vt 1.031250 0.949606
vt 1.031250 1.000000
vt 0.000000 0.949606
vt 0.000000 0.975000
vt 0.043750 0.975000
vt 0.006750 1.000000
vt 0.000000 0.945938
vt 0.580319 0.945938
vt 0.580319 0.996031
vt 0.000000 0.996650
vt 0.000000 0.946256
vt 0.580319 0.946256
vt 0.573569 1.000000
vt 0.043750 0.967538
vt 0.000000 0.967538
vt 0.000000 0.911031
vt 0.111461 0.909692
vt 0.111469 0.911038
vt 0.112538 1.000000
vt 0.000000 0.911038
vt 0.275000 0.937500
vt 0.275000 1.000000
s 1
usemtl none.001
f 875/1162/290 876/1163/290 877/1164/290 878/1165/290
f 879/1166/291 880/1167/291 881/1168/291 882/1169/291
f 883/1170/292 884/1171/292 885/1172/292 886/1173/292
f 887/1174/293 888/1175/293 889/1176/293 890/1177/293
f 890/1178/294 889/1179/294 884/1180/294 883/1181/294
f 886/1182/295 885/1183/296 888/1184/296 887/1185/297
f 891/1186/294 892/1187/294 893/1188/294 894/1189/294
f 894/1190/293 893/1191/293 895/1192/293 896/1193/293
f 896/1194/298 895/1195/299 897/1196/299 898/1197/299
f 898/1198/300 897/1199/300 892/1200/300 891/1201/300
f 894/1189/294 899/1202/294 900/1203/294 891/1186/294
f 896/1193/293 901/1204/293 899/1205/293 894/1190/293
f 898/1197/301 902/1206/301 901/1207/301 896/1194/301
f 891/1208/302 900/1209/302 902/1210/302 898/1211/302
f 883/1181/294 903/1212/294 904/1213/294 890/1178/294
f 886/1214/302 905/1215/302 903/1170/302 883/1173/302
f 887/1185/301 906/1216/301 905/1217/301 886/1182/301
f 890/1177/293 904/1218/293 906/1219/293 887/1174/293
f 907/1220/294 893/1188/294 892/1187/294 908/1221/294
f 908/1222/302 892/1223/302 897/1224/302 909/1225/302
f 909/1226/299 897/1196/299 895/1195/299 910/1227/299
f 910/1228/293 895/1192/293 893/1191/293 907/1229/293
f 876/1230/294 900/1203/294 899/1202/294 877/1231/294
f 877/1232/293 899/1205/293 901/1204/293 878/1233/293
f 878/1234/301 901/1207/301 902/1206/301 875/1235/301
f 875/1162/303 902/1236/303 900/1237/303 876/1163/303
f 908/1221/294 884/1180/294 889/1179/294 907/1220/294
f 907/1229/293 889/1176/293 888/1175/293 910/1228/293
f 910/1227/299 888/1184/299 885/1183/299 909/1226/299
f 909/1225/302 885/1238/302 884/1239/302 908/1222/302
f 879/1240/294 904/1213/294 903/1212/294 880/1241/294
f 880/1167/304 903/1242/304 905/1243/304 881/1168/304
f 881/1244/305 905/1217/305 906/1216/305 882/1245/305
f 882/1246/293 906/1219/293 904/1218/293 879/1247/293
f 911/1248/306 912/1249/306 913/1250/306 914/1251/306
f 915/1252/293 916/1253/293 917/1254/293 918/1255/293
f 919/1256/307 920/1257/307 921/1258/307 922/1259/307
f 923/1260/308 924/1261/308 925/1262/308 926/1263/308
f 915/1252/293 927/1264/309 928/1265/293 916/1253/293
f 929/1250/310 930/1266/310 931/1267/310 932/1251/310
f 933/1268/311 934/1269/312 935/1270/313 936/1271/311
f 914/1272/308 913/1273/308 929/1274/308 932/1275/308
f 937/1276/314 938/1277/315 939/1278/316 940/1279/314
f 941/1280/317 942/1281/317 943/1282/317 944/1283/317
f 945/1284/318 946/1285/319 947/1286/320 948/1287/318
f 949/1288/321 950/1289/321 951/1279/321 952/1290/321
f 953/1291/321 954/1292/321 955/1293/321 956/1294/321
f 957/1295/322 958/1296/323 959/1297/323 960/1298/322
f 961/1299/324 962/1300/325 963/1301/325 964/1302/325
f 948/1303/326 947/1304/326 942/1305/326 941/1306/326
f 965/1307/327 966/1308/328 950/1279/327 949/1309/328
f 967/1310/329 968/1311/329 954/1312/329 953/1313/329
f 960/1314/330 959/1315/330 969/1316/330 970/1317/330
f 971/1318/331 972/1319/332 962/1320/332 961/1321/331
f 973/1322/333 974/1323/333 975/1324/333 976/1325/333
f 932/1251/302 931/1267/302 974/1323/302 973/1322/302
f 977/1326/334 978/1327/334 979/1274/334 980/1275/334
f 980/1275/335 945/1284/335 948/1287/335 977/1326/335
f 981/1328/326 982/1329/326 978/1330/326 977/1331/326
f 977/1331/326 948/1303/326 941/1306/326 981/1328/326
f 983/1332/317 984/1333/317 982/1334/317 981/1335/317
f 981/1335/317 941/1280/317 944/1283/317 983/1332/317
f 985/1336/307 986/1337/307 987/1338/307 988/1339/307
f 988/1339/307 987/1338/307 920/1257/307 919/1256/307
f 989/1340/293 990/1341/293 991/1342/336 992/1343/293
f 992/1343/293 991/1342/336 927/1264/309 915/1252/293
f 993/1263/293 994/1260/293 989/1340/293 992/1343/293
f 992/1343/293 915/1252/293 918/1255/293 993/1263/293
f 995/1255/308 996/1344/308 997/1345/308 998/1254/308
f 926/1263/308 925/1262/308 996/1344/308 995/1255/308
f 999/1322/337 1000/1325/337 1001/1346/337 1002/1347/337
f 1002/1347/302 911/1248/302 914/1251/302 999/1322/302
f 973/1284/308 976/1285/308 1000/1348/308 999/1349/308
f 999/1349/308 914/1272/308 932/1275/308 973/1284/308
f 976/1325/338 975/1324/338 934/1350/338 933/1351/338
f 956/1352/339 979/1274/339 978/1327/339 953/1353/339
f 953/1354/326 978/1330/326 982/1329/326 967/1355/326
f 967/1356/317 982/1334/317 984/1333/317 968/1357/317
f 970/1358/307 969/1359/307 986/1337/307 985/1336/307
f 1003/1237/302 1001/1346/302 1000/1325/302 936/1351/302
f 936/1276/308 1000/1348/308 976/1285/308 933/1279/308
f 940/1360/340 939/1361/340 930/1266/340 929/1250/340
f 940/1352/308 929/1274/308 913/1273/308 937/1362/308
f 937/1360/302 913/1250/302 912/1249/302 1004/1279/302
f 922/1259/307 921/1258/307 972/1363/307 971/1364/307
f 965/1365/317 943/1282/317 942/1281/317 966/1236/317
f 966/1366/326 942/1305/326 947/1304/326 950/1237/326
f 950/1289/334 947/1286/334 946/1285/334 951/1279/334
f 917/1260/293 923/1260/293 926/1263/341 918/1263/321
f 918/1263/321 926/1263/341 995/1255/342 993/1255/321
f 1005/1295/343 957/1295/344 960/1298/345
f 970/1317/346 960/1314/347 1006/1317/348
f 1006/1358/294 970/1358/294 985/1336/294 1007/1336/294
f 1007/1336/294 985/1336/294 988/1339/294 1008/1339/294
f 1008/1339/294 988/1339/294 919/1256/294 1009/1256/321
f 1009/1256/321 919/1256/294 922/1259/294 1010/1259/321
f 1010/1259/321 922/1259/294 971/1364/294 1011/1364/294
f 961/1321/349 971/1318/349 1011/1318/349
f 961/1299/350 964/1302/351 1012/1302/352
f 1004/1279/291 1013/1367/291 1014/1368/291 937/1369/291
f 1014/1368/291 1015/1370/291 938/1371/291 937/1369/291
f 952/1279/353 963/1301/354 962/1300/353 949/1372/354
f 949/1279/355 962/1320/332 972/1319/332 965/1373/355
f 965/1237/307 972/1363/307 921/1258/307 943/1374/307
f 943/1374/307 921/1258/307 920/1257/307 944/1304/307
f 944/1304/307 920/1257/307 987/1338/307 983/1303/307
f 983/1303/307 987/1338/307 986/1337/307 984/1375/307
f 984/1375/307 986/1337/307 969/1359/307 968/1376/307
f 968/1236/330 969/1316/330 959/1315/330 954/1377/330
f 954/1279/356 959/1297/323 958/1296/323 955/1372/356
f 936/1378/290 935/1379/290 1016/1380/290 1017/1381/290
f 936/1378/290 1017/1381/290 1018/1382/290 1003/1237/290
f 1003/1279/308 1018/1367/308 997/1345/308 1001/1249/308
f 1001/1249/308 997/1345/308 996/1344/308 1002/1248/308
f 1002/1248/308 996/1344/308 925/1262/308 911/1347/308
f 911/1347/308 925/1262/308 924/1261/308 912/1346/308
f 912/1346/308 924/1261/308 1013/1382/308 1004/1237/308
f 993/1255/321 995/1255/342 998/1254/293 994/1254/357
f 958/1367/290 1016/1380/290 935/1379/290 955/1279/290
f 955/1276/358 935/1270/313 934/1269/312 956/1279/359
f 956/1383/338 934/1350/338 975/1324/338 979/1260/338
f 979/1260/333 975/1324/333 974/1323/333 980/1263/333
f 980/1263/302 974/1323/302 931/1267/302 945/1255/302
f 945/1255/310 931/1267/310 930/1266/310 946/1254/310
f 946/1254/340 930/1266/340 939/1361/340 951/1276/340
f 951/1268/360 939/1278/316 938/1277/315 952/1271/360
f 952/1237/291 938/1371/291 1015/1370/291 963/1382/291
f 963/1382/291 1015/1370/291 1019/1384/291 964/1383/291
f 964/1383/351 1019/1384/293 1020/1384/361 1012/1383/352
f 1005/1276/343 1021/1385/293 1022/1385/361 957/1276/344
f 957/1276/290 1022/1385/290 1016/1380/290 958/1367/290
f 994/1386/362 1018/1387/362 1017/1279/362 989/1388/362
f 1013/1279/363 917/1388/363 916/1386/363 1014/1387/364
f 1013/1285/308 924/1279/308 923/1389/308 917/1389/308
f 994/1390/308 997/1285/308 1018/1279/308 998/1390/308
f 1016/1391/365 990/1392/365 989/1393/365 1017/1394/365
f 1014/1395/364 916/1396/363 928/1397/363 1015/1398/364
f 928/1399/366 1015/1279/366 1020/1400/366 1019/1400/366
f 1016/1285/366 990/1400/366 1022/1399/366 1021/1399/366
f 1006/1279/367 960/1401/367 1005/1402/367
f 961/1403/368 1011/1404/368 1012/1405/368
f 927/1279/369 1011/1279/370 1012/1279/370 1019/1279/370
f 1019/1279/371 928/1279/372 927/1279/373
f 991/1279/374 1006/1279/375 1005/1279/376 1021/1279/374
f 1021/1279/374 990/1279/302 991/1279/374
f 991/1279/336 1006/1279/377 1007/1279/377 1008/1279/377
f 1008/1279/378 1009/1279/321 1010/1279/321 1011/1279/379
f 1011/1279/377 927/1279/309 991/1279/336 1008/1279/377
f 1023/1237/290 1024/1279/290 1025/1276/290 1026/1383/290
f 1027/1383/291 1028/1237/291 1029/1279/291 1030/1276/291
f 1028/1276/302 1024/1383/302 1023/1237/302 1029/1279/302
f 1031/1383/293 1032/1237/293 1033/1279/293 1034/1276/293
f 1025/1383/294 1024/1237/294 1028/1279/294 1027/1276/294
f 1029/1237/308 1023/1279/308 1026/1276/308 1030/1383/308
f 1032/1276/290 1031/1272/290 1026/1275/290 1025/1279/290
f 1033/1276/294 1032/1406/294 1025/1407/294 1027/1279/294
f 1034/1276/291 1033/1272/291 1027/1275/291 1030/1279/291
f 1031/1276/380 1034/1406/380 1030/1407/380 1026/1279/380
