# Blender 5.2.1 LTS
# www.blender.org
mtllib Glock 17.mtl
o Cuerpo
v 0.028550 0.025668 -0.008649
v 0.015533 0.030406 -0.008649
v 0.012901 0.023174 -0.008649
v 0.025918 0.018436 -0.008649
v 0.012901 0.023174 -0.016345
v 0.015533 0.030406 -0.016345
v 0.028550 0.025668 -0.016345
v 0.025918 0.018436 -0.016345
v 0.167936 0.057744 0.016747
v -0.047543 0.057744 0.016747
v -0.024456 0.042353 0.016747
v 0.167936 0.042353 0.016747
v -0.024456 0.042353 -0.015575
v -0.047543 0.057744 -0.015575
v 0.167936 0.057744 -0.015575
v 0.167936 0.042353 -0.015575
v 0.041005 0.042815 0.016747
v -0.024797 0.042668 0.016747
v -0.059134 -0.046609 0.016747
v 0.004359 -0.049541 0.016747
v -0.059134 -0.046609 -0.015575
v -0.024797 0.042668 -0.015575
v 0.041005 0.042815 -0.015575
v 0.004359 -0.049541 -0.015575
v 0.004066 -0.049533 0.016747
v -0.059427 -0.046602 0.016747
v -0.059134 -0.060461 0.015208
v 0.002050 -0.063393 0.015208
v -0.059904 -0.060461 -0.014036
v -0.059427 -0.046602 -0.015575
v 0.004066 -0.049533 -0.015575
v 0.002050 -0.063393 -0.014036
v 0.079436 0.034657 0.012899
v 0.079436 0.011570 0.012899
v 0.087131 0.011570 0.012899
v 0.087131 0.034657 0.012899
v 0.087131 0.034657 -0.011727
v 0.087131 0.011570 -0.011727
v 0.079436 0.011570 -0.011727
v 0.079436 0.034657 -0.011727
v 0.071740 0.042353 -0.015575
v 0.071740 0.042353 0.016747
v 0.094827 0.042353 0.016747
v 0.094827 0.042353 -0.015575
v 0.090979 0.003875 0.009821
v 0.079436 0.003875 0.012899
v 0.079436 0.003875 -0.011727
v 0.090979 0.003875 -0.008649
v 0.025566 0.011570 0.016747
v 0.037109 0.003875 0.012899
v 0.037109 0.011570 0.012899
v 0.025566 0.019266 0.016747
v 0.025566 0.019266 -0.015575
v 0.037109 0.011570 -0.011727
v 0.037109 0.003875 -0.011727
v 0.025566 0.011570 -0.015575
v 0.079436 0.011570 -0.011727
v 0.079436 0.011570 0.012899
v 0.079436 0.003875 0.012899
v 0.079436 0.003875 -0.011727
v 0.171784 0.068518 0.006742
v 0.171784 0.074675 0.008282
v 0.087131 0.074675 0.008282
v 0.087131 0.068518 0.006742
v 0.087131 0.068518 -0.005571
v 0.087131 0.074675 -0.007110
v 0.171784 0.074675 -0.007110
v 0.171784 0.068518 -0.005571
v 0.171784 0.080831 0.006742
v 0.171784 0.082371 0.000586
v 0.087131 0.082371 0.000586
v 0.087131 0.080831 0.006742
v 0.087131 0.066979 0.000586
v 0.171784 0.066979 0.000586
v 0.087131 0.074675 0.000586
v 0.171784 0.074675 0.000586
v 0.087131 0.080831 -0.005571
v 0.171784 0.080831 -0.005571
vn -0.0000 -0.0000 1.0000
vn -0.0000 -0.0000 -1.0000
vn 0.3420 0.9397 -0.0000
vn -0.3420 -0.9397 -0.0000
vn -0.9397 0.3420 -0.0000
vn 0.9397 -0.3420 -0.0000
vn -0.0000 1.0000 -0.0000
vn -0.0000 -1.0000 -0.0000
vn -0.5547 -0.8320 -0.0000
vn 1.0000 -0.0000 -0.0000
vn -0.0022 1.0000 -0.0000
vn -0.0461 -0.9989 -0.0000
vn -0.9333 0.3590 -0.0000
vn 0.9295 -0.3688 -0.0000
vn -0.0052 -0.1101 0.9939
vn -0.0051 -0.1099 -0.9939
vn 0.0461 0.9989 -0.0000
vn -0.0479 -0.9989 0.0013
vn -0.9998 -0.0212 -0.0000
vn -0.9998 -0.0211 -0.0000
vn 0.9896 -0.1439 -0.0000
vn -1.0000 -0.0000 -0.0000
vn 0.7071 -0.7071 -0.0000
vn -0.0000 -0.4472 -0.8944
vn -0.7071 -0.7071 -0.0000
vn -0.0000 -0.4472 0.8944
vn 0.8944 0.4472 -0.0000
vn -0.0000 -0.3714 0.9285
vn 0.3162 -0.0000 0.9487
vn 0.3162 -0.0000 -0.9487
vn 0.5547 0.8321 -0.0000
vn -0.5547 -0.8321 -0.0000
vn -0.0000 -0.2425 0.9701
vn -0.0000 -0.2425 -0.9701
vn -0.0000 0.9701 0.2425
vn -0.0000 -0.9701 0.2425
vn -0.0000 0.9701 -0.2425
vn -0.0000 -0.9701 -0.2425
vn -0.0000 0.2425 0.9701
vn -0.0000 0.2425 -0.9701
vt 0.015625 1.000000
vt 0.000000 1.000000
vt 0.000000 0.984375
vt 0.015625 0.984375
vt 0.921875 0.734375
vt 0.484375 0.734375
vt 0.531250 0.703125
vt 0.921875 0.703125
vt 0.875000 0.671875
vt 0.484375 0.703125
vt 0.484375 0.671875
vt 0.359375 0.453125
vt 0.421875 0.453125
vt 0.421875 0.890625
vt 0.359375 0.890625
vt 0.196875 0.421875
vt 0.196875 0.812500
vt 0.131250 0.812500
vt 0.131250 0.421875
vt 0.196875 0.868836
vt 0.131250 0.868836
vt 0.578125 0.890625
vt 0.515625 0.890625
vt 0.515625 0.859375
vt 0.578125 0.859375
vt 0.124795 0.875000
vt 0.000205 0.826761
vt 0.000205 0.632552
vt 0.122664 0.673274
vt 0.003776 0.875000
vt 0.197985 0.875000
vt 0.246224 1.000000
vt 0.044499 0.997869
vt 0.484375 0.328125
vt 0.546875 0.328125
vt 0.546875 0.468750
vt 0.484375 0.468750
vt 0.546875 0.671875
vt 0.546875 0.546875
vt 0.609375 0.546875
vt 0.609375 0.671875
vt 0.484375 0.312500
vt 0.484375 0.500000
vt 0.421875 0.500000
vt 0.421875 0.312500
vt 0.759837 1.000000
vt 0.630788 1.000000
vt 0.632680 0.971918
vt 0.757048 0.971701
vt 0.549235 0.234375
vt 0.577392 0.234375
vt 0.575872 0.359375
vt 0.547608 0.356253
vt 0.343750 0.328125
vt 0.406250 0.328125
vt 0.406250 0.453125
vt 0.343750 0.453125
vt 0.671875 0.546875
vt 0.548436 0.546875
vt 0.546875 0.484375
vt 0.671875 0.484375
vt 0.125000 0.281250
vt 0.125000 0.309395
vt 0.062500 0.309395
vt 0.062500 0.281283
vt 0.734375 0.359375
vt 0.671875 0.359375
vt 0.671875 0.328125
vt 0.734375 0.328125
vt 0.250000 0.951281
vt 0.250000 0.904406
vt 0.265625 0.904406
vt 0.265625 0.951281
vt 0.640625 0.404406
vt 0.640625 0.357531
vt 0.656250 0.357531
vt 0.656250 0.404406
vt 0.671875 0.531250
vt 0.734375 0.531250
vt 0.734375 0.578125
vt 0.671875 0.578125
vt 0.175000 0.281250
vt 0.181250 0.312500
vt 0.131250 0.312500
vt 0.137500 0.281250
vt 0.678125 0.671875
vt 0.678125 0.625000
vt 0.728125 0.625000
vt 0.728125 0.671875
vt 0.287500 0.328125
vt 0.287500 0.281250
vt 0.337500 0.281250
vt 0.337500 0.328125
vt 0.084375 0.343750
vt 0.092188 0.328125
vt 0.142188 0.328125
vt 0.150000 0.343750
vt 0.625000 0.421875
vt 0.671875 0.421875
vt 0.693750 0.312500
vt 0.701563 0.296875
vt 0.751562 0.296875
vt 0.759375 0.312500
vt 0.234375 0.968750
vt 0.281250 0.968750
vt 0.331250 0.263780
vt 0.293750 0.263780
vt 0.273438 0.887578
vt 0.250000 0.889900
vt 0.728125 0.609375
vt 0.678125 0.609375
vt 0.656250 0.341906
vt 0.632812 0.341906
vt 0.585303 0.328125
vt 0.610009 0.312500
vt 0.610009 0.328125
vt 0.585303 0.343750
vt 0.195947 0.343750
vt 0.171241 0.328125
vt 0.171241 0.312500
vt 0.195947 0.328125
vt 0.618750 0.370269
vt 0.610937 0.398438
vt 0.560938 0.398438
vt 0.553125 0.370269
vt 0.209375 0.426606
vt 0.217187 0.398438
vt 0.267188 0.398438
vt 0.275000 0.426606
vt 0.765625 0.468750
vt 0.765625 0.484375
vt 0.703125 0.484375
vt 0.703125 0.468750
vt 0.750000 0.468750
vt 0.703125 0.453125
vt 0.750000 0.453125
vt 0.267188 0.312500
vt 0.217187 0.312500
vt 0.085303 0.312500
vt 0.085303 0.328125
vt 0.560938 0.484375
vt 0.610937 0.484375
vt 0.695947 0.328125
vt 0.695947 0.312500
vt 0.781250 0.921875
vt 0.781250 0.934759
vt 0.609375 0.934759
vt 0.609375 0.921875
vt 0.781250 0.890625
vt 0.781250 0.903509
vt 0.609375 0.903509
vt 0.609375 0.890625
vt 0.843750 0.500000
vt 0.843750 0.515625
vt 0.671875 0.515625
vt 0.671875 0.500000
vt 0.625000 0.968750
vt 0.625000 0.953125
vt 0.796875 0.953125
vt 0.796875 0.968750
vt 0.246875 0.893750
vt 0.250000 0.906250
vt 0.234375 0.906250
vt 0.234375 0.890625
vt 0.265625 0.968750
vt 0.265625 0.984375
vt 0.250000 0.984375
vt 0.253125 0.971875
vt 0.843750 0.484375
vt 0.278125 0.971875
vt 0.281250 0.984375
vt 0.843750 0.531250
vt 0.218750 0.906250
vt 0.221875 0.893750
vt 0.609375 0.947645
vt 0.781250 0.947645
vt 0.253125 0.996875
vt 0.265625 1.000000
vt 0.278125 0.996875
vt 0.609375 0.916395
vt 0.781250 0.916395
vt 0.221875 0.918750
vt 0.234375 0.921875
vt 0.246875 0.918750
s 1
usemtl none
f 1/1/1 2/2/1 3/3/1 4/4/1
f 5/4/2 6/1/2 7/2/2 8/3/2
f 6/3/3 2/4/3 1/1/3 7/2/3
f 4/4/4 3/1/4 5/2/4 8/3/4
f 3/4/5 2/1/5 6/2/5 5/3/5
f 7/1/6 1/2/6 4/3/6 8/4/6
f 9/5/1 10/6/1 11/7/1 12/8/1
f 13/9/2 14/8/2 15/10/2 16/11/2
f 14/12/7 10/13/7 9/14/7 15/15/7
f 12/16/8 11/17/8 13/18/8 16/19/8
f 11/17/9 10/20/9 14/21/9 13/18/9
f 15/22/10 9/23/10 12/24/10 16/25/10
f 17/26/1 18/27/1 19/28/1 20/29/1
f 21/30/2 22/31/2 23/32/2 24/33/2
f 22/34/11 18/35/11 17/36/11 23/37/11
f 20/38/12 19/39/12 21/40/12 24/41/12
f 19/42/13 18/43/13 22/44/13 21/45/13
f 23/38/14 17/11/14 20/37/14 24/36/14
f 25/46/15 26/47/15 27/48/15 28/49/15
f 29/50/16 30/51/16 31/52/16 32/53/16
f 30/54/17 26/55/17 25/56/17 31/57/17
f 28/58/18 27/59/18 29/60/18 32/61/18
f 27/62/19 26/63/19 30/64/19 29/65/20
f 31/66/21 25/67/21 28/68/21 32/69/21
f 33/70/1 34/71/1 35/72/1 36/73/1
f 37/74/2 38/75/2 39/76/2 40/77/2
f 41/78/7 42/79/7 43/80/7 44/81/7
f 45/82/8 46/83/8 47/84/8 48/85/8
f 40/86/22 39/87/22 34/88/22 33/89/22
f 36/90/10 35/91/10 38/92/10 37/93/10
f 43/94/23 36/95/23 37/96/23 44/97/23
f 44/98/24 37/74/24 40/77/24 41/99/24
f 41/100/25 40/101/25 33/102/25 42/103/25
f 42/104/26 33/70/26 36/73/26 43/105/26
f 48/106/27 38/92/27 35/91/27 45/107/27
f 45/108/28 35/72/28 34/71/28 46/109/28
f 46/110/22 34/88/22 39/87/22 47/111/22
f 47/112/2 39/76/2 38/75/2 48/113/2
f 49/114/29 50/115/29 51/116/29 52/117/29
f 53/118/30 54/119/30 55/120/30 56/121/30
f 52/122/31 51/123/31 54/124/31 53/125/31
f 56/126/32 55/127/32 50/128/32 49/129/32
f 49/130/22 52/131/22 53/132/22 56/133/22
f 57/134/10 58/133/10 59/135/10 60/136/10
f 59/137/8 50/128/8 55/127/8 60/138/8
f 60/139/2 55/120/2 54/119/2 57/140/2
f 57/141/7 54/124/7 51/123/7 58/142/7
f 58/143/1 51/116/1 50/115/1 59/144/1
f 61/145/33 62/146/33 63/147/33 64/148/33
f 65/149/34 66/150/34 67/151/34 68/152/34
f 69/153/35 70/154/35 71/155/35 72/156/35
f 64/157/36 73/158/36 74/159/36 61/160/36
f 64/161/22 63/162/22 75/163/22 73/164/22
f 74/165/10 76/166/10 62/167/10 61/168/10
f 77/169/37 71/153/37 70/156/37 78/61/37
f 68/170/10 67/171/10 76/166/10 74/165/10
f 68/78/38 74/155/38 73/154/38 65/172/38
f 73/164/22 75/163/22 66/173/22 65/174/22
f 72/175/39 63/147/39 62/146/39 69/176/39
f 69/177/10 62/167/10 76/166/10 70/178/10
f 70/178/10 76/166/10 67/171/10 78/179/10
f 78/180/40 67/151/40 66/150/40 77/181/40
f 77/182/22 66/173/22 75/163/22 71/183/22
f 71/183/22 75/163/22 63/162/22 72/184/22
o Corredera
v 0.021718 0.088527 0.016747
v 0.010175 0.088527 0.016747
v 0.010175 0.073136 0.016747
v 0.021718 0.073136 0.016747
v 0.021718 0.073136 -0.015575
v 0.010175 0.073136 -0.015575
v 0.010175 0.088527 -0.015575
v 0.021718 0.088527 -0.015575
v 0.021718 0.088527 0.012899
v 0.010175 0.088527 0.012899
v 0.010175 0.057744 0.016747
v 0.010175 0.057744 0.012899
v 0.021718 0.057744 0.012899
v 0.021718 0.057744 0.016747
v -0.047543 0.088527 0.016747
v -0.047543 0.088527 0.012899
v -0.047543 0.073136 0.012899
v -0.047543 0.073136 0.016747
v 0.167936 0.073136 0.016747
v 0.167936 0.073136 0.012899
v 0.167936 0.088527 0.012899
v 0.167936 0.088527 0.016747
v 0.010175 0.088527 -0.011727
v 0.021718 0.088527 -0.011727
v 0.167936 0.088527 -0.015575
v 0.167936 0.088527 -0.011727
v 0.167936 0.073136 -0.011727
v 0.167936 0.073136 -0.015575
v 0.021718 0.057744 -0.011727
v 0.010175 0.057744 -0.011727
v 0.010175 0.057744 -0.015575
v 0.021718 0.057744 -0.015575
v -0.047543 0.073136 -0.015575
v -0.047543 0.073136 -0.011727
v -0.047543 0.088527 -0.011727
v -0.047543 0.088527 -0.015575
v 0.090979 0.087757 0.015977
v 0.090979 0.087757 0.012358
v 0.044805 0.087757 0.012358
v 0.044805 0.087757 0.015977
v 0.044805 0.073136 0.015977
v 0.090979 0.073136 0.015977
v 0.044805 0.057744 0.016747
v 0.044805 0.057744 0.012899
v 0.090979 0.057744 0.012899
v 0.090979 0.057744 0.016747
v 0.090979 0.057744 -0.015575
v 0.090979 0.057744 -0.011727
v 0.044805 0.057744 -0.011727
v 0.044805 0.057744 -0.015575
v 0.090979 0.088527 -0.015575
v 0.090979 0.073136 -0.015575
v 0.044805 0.073136 -0.015575
v 0.044805 0.088527 -0.015575
v 0.044805 0.088527 -0.011727
v 0.090979 0.088527 -0.011727
v 0.119838 0.088527 0.016747
v 0.119838 0.088527 0.012899
v 0.115028 0.088527 0.012899
v 0.115028 0.088527 0.016747
v 0.115028 0.073136 0.016747
v 0.119838 0.073136 0.016747
v 0.115028 0.057744 0.016747
v 0.115028 0.057744 0.012899
v 0.119838 0.057744 0.012899
v 0.119838 0.057744 0.016747
v 0.119838 0.057744 -0.011727
v 0.115028 0.057744 -0.011727
v 0.115028 0.057744 -0.015575
v 0.119838 0.057744 -0.015575
v 0.119838 0.073136 -0.015575
v 0.115028 0.073136 -0.015575
v 0.115028 0.088527 -0.015575
v 0.119838 0.088527 -0.015575
v 0.115028 0.088527 -0.011727
v 0.119838 0.088527 -0.011727
v 0.090979 0.073136 0.016747
v 0.044805 0.073136 0.016747
v -0.047543 0.057744 0.012899
v -0.047543 0.057744 0.016747
v -0.047543 0.057744 -0.015575
v -0.047543 0.057744 -0.011727
v 0.167936 0.057744 -0.011727
v 0.167936 0.057744 -0.015575
v 0.167936 0.057744 0.016747
v 0.167936 0.057744 0.012899
v 0.044805 0.088527 0.016747
v 0.090979 0.088527 0.016747
v 0.090979 0.088527 0.012899
v 0.044805 0.087757 0.000778
v 0.090979 0.087757 0.000778
v 0.090979 0.088527 0.000586
v 0.044805 0.088527 0.000586
v 0.044805 0.088527 0.012899
v -0.017963 0.087757 -0.014805
v -0.017963 0.087757 -0.011920
v -0.016520 0.087757 -0.011920
v -0.016520 0.087757 -0.014805
v -0.016520 0.072366 -0.014805
v -0.017963 0.072366 -0.014805
v -0.016520 0.060822 -0.014805
v -0.017963 0.060822 -0.014805
v -0.015798 0.057744 -0.015575
v -0.015798 0.057744 -0.011727
v -0.018684 0.057744 -0.011727
v -0.018684 0.057744 -0.015575
v -0.018684 0.057744 0.016747
v -0.018684 0.057744 0.012899
v -0.015798 0.057744 0.012899
v -0.015798 0.057744 0.016747
v -0.017963 0.060822 0.015977
v -0.016520 0.060822 0.015977
v -0.016520 0.072366 0.015977
v -0.017963 0.072366 0.015977
v -0.016520 0.087757 0.015977
v -0.017963 0.087757 0.015977
v -0.016520 0.087757 0.013091
v -0.017963 0.087757 0.013091
v -0.033114 0.088527 -0.015575
v -0.033114 0.088527 -0.011727
v -0.030228 0.088527 -0.011727
v -0.030228 0.088527 -0.015575
v -0.030228 0.073136 -0.015575
v -0.033114 0.073136 -0.015575
v -0.030228 0.057744 -0.015575
v -0.033114 0.057744 -0.015575
v -0.030228 0.057744 -0.011727
v -0.033114 0.057744 -0.011727
v -0.033114 0.057744 0.016747
v -0.033114 0.057744 0.012899
v -0.030228 0.057744 0.012899
v -0.030228 0.057744 0.016747
v -0.030228 0.073136 0.016747
v -0.033114 0.073136 0.016747
v -0.030228 0.088527 0.016747
v -0.033114 0.088527 0.016747
v -0.030228 0.088527 0.012899
v -0.033114 0.088527 0.012899
v -0.036000 0.088527 -0.011727
v -0.036000 0.088527 -0.015575
v -0.036000 0.073136 -0.015575
v -0.036000 0.057744 -0.015575
v -0.036000 0.057744 -0.011727
v -0.036000 0.057744 0.012899
v -0.036000 0.057744 0.016747
v -0.036000 0.073136 0.016747
v -0.036000 0.088527 0.016747
v -0.036000 0.088527 0.012899
v -0.029506 0.087757 -0.014805
v -0.028063 0.087757 -0.014805
v -0.028063 0.072366 -0.014805
v -0.029506 0.072366 -0.014805
v -0.029506 0.087757 -0.011920
v -0.028063 0.087757 -0.011920
v -0.028063 0.087757 0.015977
v -0.028063 0.087757 0.013091
v -0.029506 0.087757 0.013091
v -0.029506 0.087757 0.015977
v -0.029506 0.072366 0.015977
v -0.028063 0.072366 0.015977
v -0.029506 0.060822 0.015977
v -0.028063 0.060822 0.015977
v -0.027342 0.057744 0.012899
v -0.027342 0.057744 0.016747
v -0.027342 0.057744 -0.015575
v -0.027342 0.057744 -0.011727
v -0.028063 0.060822 -0.014805
v -0.029506 0.060822 -0.014805
v -0.007141 0.073136 -0.015575
v -0.010027 0.073136 -0.015575
v -0.010027 0.088527 -0.015575
v -0.007141 0.088527 -0.015575
v -0.010027 0.088527 -0.011727
v -0.007141 0.088527 -0.011727
v -0.007141 0.088527 0.016747
v -0.007141 0.088527 0.012899
v -0.010027 0.088527 0.012899
v -0.010027 0.088527 0.016747
v -0.010027 0.073136 0.016747
v -0.007141 0.073136 0.016747
v -0.010027 0.057744 0.016747
v -0.007141 0.057744 0.016747
v -0.010027 0.057744 0.012899
v -0.007141 0.057744 0.012899
v -0.007141 0.057744 -0.015575
v -0.007141 0.057744 -0.011727
v -0.010027 0.057744 -0.011727
v -0.010027 0.057744 -0.015575
v -0.021570 0.088527 -0.015575
v -0.021570 0.088527 -0.011727
v -0.018684 0.088527 -0.011727
v -0.018684 0.088527 -0.015575
v -0.018684 0.073136 -0.015575
v -0.021570 0.073136 -0.015575
v -0.021570 0.057744 -0.015575
v -0.021570 0.057744 -0.011727
v -0.021570 0.057744 0.016747
v -0.021570 0.057744 0.012899
v -0.018684 0.073136 0.016747
v -0.021570 0.073136 0.016747
v -0.018684 0.088527 0.016747
v -0.021570 0.088527 0.016747
v -0.018684 0.088527 0.012899
v -0.021570 0.088527 0.012899
v -0.006419 0.087757 -0.014805
v -0.006419 0.087757 -0.011920
v -0.004976 0.087757 -0.011920
v -0.004976 0.087757 -0.014805
v -0.004976 0.087757 0.015977
v -0.004976 0.087757 0.013091
v -0.006419 0.087757 0.013091
v -0.006419 0.087757 0.015977
v -0.006419 0.072366 0.015977
v -0.004976 0.072366 0.015977
v -0.006419 0.060822 0.015977
v -0.004976 0.060822 0.015977
v -0.004255 0.057744 0.012899
v -0.004255 0.057744 0.016747
v -0.004255 0.057744 -0.015575
v -0.004255 0.057744 -0.011727
v -0.006419 0.072366 -0.014805
v -0.004976 0.072366 -0.014805
v -0.004976 0.060822 -0.014805
v -0.006419 0.060822 -0.014805
v -0.024456 0.073136 -0.015575
v -0.027342 0.073136 -0.015575
v -0.027342 0.088527 -0.015575
v -0.024456 0.088527 -0.015575
v -0.027342 0.088527 -0.011727
v -0.024456 0.088527 -0.011727
v -0.024456 0.088527 0.016747
v -0.024456 0.088527 0.012899
v -0.027342 0.088527 0.012899
v -0.027342 0.088527 0.016747
v -0.027342 0.073136 0.016747
v -0.024456 0.073136 0.016747
v -0.024456 0.057744 0.016747
v -0.024456 0.057744 0.012899
v -0.024456 0.057744 -0.015575
v -0.024456 0.057744 -0.011727
v -0.023735 0.087757 -0.014805
v -0.022292 0.087757 -0.014805
v -0.022292 0.072366 -0.014805
v -0.023735 0.072366 -0.014805
v -0.022292 0.060822 -0.014805
v -0.023735 0.060822 -0.014805
v -0.023735 0.060822 0.015977
v -0.022292 0.060822 0.015977
v -0.022292 0.072366 0.015977
v -0.023735 0.072366 0.015977
v -0.022292 0.087757 0.015977
v -0.023735 0.087757 0.015977
v -0.022292 0.087757 0.013091
v -0.023735 0.087757 0.013091
v -0.023735 0.087757 -0.011920
v -0.022292 0.087757 -0.011920
v -0.012912 0.073136 -0.015575
v -0.015798 0.073136 -0.015575
v -0.015798 0.088527 -0.015575
v -0.012912 0.088527 -0.015575
v -0.015798 0.088527 -0.011727
v -0.012912 0.088527 -0.011727
v -0.012912 0.088527 0.016747
v -0.012912 0.088527 0.012899
v -0.015798 0.088527 0.012899
v -0.015798 0.088527 0.016747
v -0.015798 0.073136 0.016747
v -0.012912 0.073136 0.016747
v -0.012912 0.057744 0.016747
v -0.012912 0.057744 0.012899
v -0.012912 0.057744 -0.015575
v -0.012912 0.057744 -0.011727
v -0.012191 0.087757 -0.014805
v -0.010748 0.087757 -0.014805
v -0.010748 0.072366 -0.014805
v -0.012191 0.072366 -0.014805
v -0.010748 0.060822 -0.014805
v -0.012191 0.060822 -0.014805
v -0.012191 0.060822 0.015977
v -0.010748 0.060822 0.015977
v -0.010748 0.072366 0.015977
v -0.012191 0.072366 0.015977
v -0.010748 0.087757 0.015977
v -0.012191 0.087757 0.015977
v -0.010748 0.087757 0.013091
v -0.012191 0.087757 0.013091
v -0.012191 0.087757 -0.011920
v -0.010748 0.087757 -0.011920
v -0.001369 0.073136 -0.015575
v -0.004255 0.073136 -0.015575
v -0.004255 0.088527 -0.015575
v -0.001369 0.088527 -0.015575
v -0.004255 0.088527 -0.011727
v -0.001369 0.088527 -0.011727
v -0.001369 0.088527 0.016747
v -0.001369 0.088527 0.012899
v -0.004255 0.088527 0.012899
v -0.004255 0.088527 0.016747
v -0.004255 0.073136 0.016747
v -0.001369 0.073136 0.016747
v -0.001369 0.057744 0.016747
v -0.001369 0.057744 0.012899
v -0.001369 0.057744 -0.015575
v -0.001369 0.057744 -0.011727
v -0.027342 0.088527 0.000586
v -0.030228 0.088527 0.000586
v -0.033114 0.088527 0.000586
v -0.036000 0.088527 0.000586
v -0.047543 0.088527 0.000586
v -0.047543 0.073136 0.000586
v -0.047543 0.057744 0.000586
v -0.036000 0.057744 0.000586
v -0.033114 0.057744 0.000586
v -0.030228 0.057744 0.000586
v -0.027342 0.057744 0.000586
v -0.024456 0.057744 0.000586
v -0.021570 0.057744 0.000586
v -0.018684 0.057744 0.000586
v -0.015798 0.057744 0.000586
v -0.012912 0.057744 0.000586
v -0.010027 0.057744 0.000586
v -0.007141 0.057744 0.000586
v -0.004255 0.057744 0.000586
v -0.001369 0.057744 0.000586
v 0.021718 0.057744 0.000586
v 0.010175 0.057744 0.000586
v 0.044805 0.057744 0.000586
v 0.090979 0.057744 0.000586
v 0.119838 0.057744 0.000586
v 0.115028 0.057744 0.000586
v 0.167936 0.057744 0.000586
v 0.167936 0.073136 0.000586
v 0.167936 0.088527 0.000586
v 0.115028 0.088527 0.000586
v 0.119838 0.088527 0.000586
v 0.010175 0.088527 0.000586
v 0.021718 0.088527 0.000586
v -0.001369 0.088527 0.000586
v -0.004255 0.088527 0.000586
v -0.007141 0.088527 0.000586
v -0.010027 0.088527 0.000586
v -0.012912 0.088527 0.000586
v -0.015798 0.088527 0.000586
v -0.018684 0.088527 0.000586
v -0.021570 0.088527 0.000586
v -0.024456 0.088527 0.000586
v 0.005124 0.087757 -0.014805
v 0.006567 0.087757 -0.014805
v 0.006567 0.072366 -0.014805
v 0.005124 0.072366 -0.014805
v 0.006567 0.060822 -0.014805
v 0.005124 0.060822 -0.014805
v 0.004403 0.057744 -0.015575
v 0.007289 0.057744 -0.015575
v 0.007289 0.057744 -0.011727
v 0.004403 0.057744 -0.011727
v 0.007289 0.057744 0.000586
v 0.004403 0.057744 0.000586
v 0.004403 0.057744 0.016747
v 0.004403 0.057744 0.012899
v 0.007289 0.057744 0.012899
v 0.007289 0.057744 0.016747
v 0.005124 0.060822 0.015977
v 0.006567 0.060822 0.015977
v 0.006567 0.072366 0.015977
v 0.005124 0.072366 0.015977
v 0.006567 0.087757 0.015977
v 0.005124 0.087757 0.015977
v 0.006567 0.087757 0.013091
v 0.005124 0.087757 0.013091
v 0.004403 0.088527 0.000586
v 0.007289 0.088527 0.000586
v 0.007289 0.088527 -0.011727
v 0.004403 0.088527 -0.011727
v 0.005124 0.087757 -0.011920
v 0.006567 0.087757 -0.011920
v 0.004403 0.073136 -0.015575
v 0.001517 0.073136 -0.015575
v 0.001517 0.088527 -0.015575
v 0.004403 0.088527 -0.015575
v 0.001517 0.057744 -0.015575
v 0.001517 0.057744 -0.011727
v 0.001517 0.057744 0.000586
v 0.001517 0.057744 0.016747
v 0.001517 0.057744 0.012899
v 0.004403 0.073136 0.016747
v 0.001517 0.073136 0.016747
v 0.004403 0.088527 0.016747
v 0.001517 0.088527 0.016747
v 0.004403 0.088527 0.012899
v 0.001517 0.088527 0.012899
v 0.001517 0.088527 -0.011727
v 0.001517 0.088527 0.000586
v -0.000648 0.087757 -0.014805
v 0.000795 0.087757 -0.014805
v 0.000795 0.072366 -0.014805
v -0.000648 0.072366 -0.014805
v 0.000795 0.060822 -0.014805
v -0.000648 0.060822 -0.014805
v -0.000648 0.060822 0.015977
v 0.000795 0.060822 0.015977
v 0.000795 0.072366 0.015977
v -0.000648 0.072366 0.015977
v 0.000795 0.087757 0.015977
v -0.000648 0.087757 0.015977
v 0.000795 0.087757 0.013091
v -0.000648 0.087757 0.013091
v -0.000648 0.087757 -0.011920
v 0.000795 0.087757 -0.011920
v 0.007289 0.073136 -0.015575
v 0.007289 0.088527 -0.015575
v 0.007289 0.088527 0.012899
v 0.007289 0.088527 0.016747
v 0.007289 0.073136 0.016747
v 0.139077 0.088527 0.000586
v 0.143887 0.088527 0.000586
v 0.143887 0.088527 -0.011727
v 0.139077 0.088527 -0.011727
v 0.142684 0.087757 0.015977
v 0.142684 0.087757 0.013091
v 0.140280 0.087757 0.013091
v 0.140280 0.087757 0.015977
v 0.140280 0.072366 0.015977
v 0.142684 0.072366 0.015977
v 0.140280 0.060823 0.015977
v 0.142684 0.060823 0.015977
v 0.139077 0.057744 0.016747
v 0.139077 0.057744 0.012899
v 0.143887 0.057744 0.012899
v 0.143887 0.057744 0.016747
v 0.139077 0.057744 -0.011727
v 0.143887 0.057744 -0.011727
v 0.143887 0.057744 0.000586
v 0.139077 0.057744 0.000586
v 0.139077 0.057744 -0.015575
v 0.143887 0.057744 -0.015575
v 0.140280 0.072366 -0.014805
v 0.142684 0.072366 -0.014805
v 0.142684 0.060823 -0.014805
v 0.140280 0.060823 -0.014805
v 0.140280 0.087757 -0.014805
v 0.142684 0.087757 -0.014805
v 0.140280 0.087757 -0.011920
v 0.142684 0.087757 -0.011920
v 0.158316 0.088527 -0.011727
v 0.153506 0.088527 -0.011727
v 0.153506 0.088527 0.000586
v 0.158316 0.088527 0.000586
v 0.158316 0.088527 0.016747
v 0.158316 0.088527 0.012899
v 0.153506 0.088527 0.012899
v 0.153506 0.088527 0.016747
v 0.153506 0.073136 0.016747
v 0.158316 0.073136 0.016747
v 0.153506 0.057744 0.016747
v 0.158316 0.057744 0.016747
v 0.153506 0.057744 0.012899
v 0.158316 0.057744 0.012899
v 0.158316 0.057744 0.000586
v 0.153506 0.057744 0.000586
v 0.153506 0.057744 -0.011727
v 0.158316 0.057744 -0.011727
v 0.153506 0.057744 -0.015575
v 0.158316 0.057744 -0.015575
v 0.153506 0.073136 -0.015575
v 0.158316 0.073136 -0.015575
v 0.153506 0.088527 -0.015575
v 0.158316 0.088527 -0.015575
v 0.100599 0.088527 0.000586
v 0.105409 0.088527 0.000586
v 0.105409 0.088527 -0.011727
v 0.100599 0.088527 -0.011727
v 0.101801 0.087757 -0.011920
v 0.104206 0.087757 -0.011920
v 0.104206 0.087757 -0.014805
v 0.101801 0.087757 -0.014805
v 0.104206 0.072366 -0.014805
v 0.101801 0.072366 -0.014805
v 0.104206 0.060823 -0.014805
v 0.101801 0.060823 -0.014805
v 0.100599 0.057744 -0.015575
v 0.105409 0.057744 -0.015575
v 0.105409 0.057744 -0.011727
v 0.100599 0.057744 -0.011727
v 0.105409 0.057744 0.000586
v 0.100599 0.057744 0.000586
v 0.100599 0.057744 0.016747
v 0.100599 0.057744 0.012899
v 0.105409 0.057744 0.012899
v 0.105409 0.057744 0.016747
v 0.101801 0.060823 0.015977
v 0.104206 0.060823 0.015977
v 0.104206 0.072366 0.015977
v 0.101801 0.072366 0.015977
v 0.104206 0.087757 0.015977
v 0.101801 0.087757 0.015977
v 0.104206 0.087757 0.013091
v 0.101801 0.087757 0.013091
v 0.134267 0.088527 -0.011727
v 0.134267 0.088527 0.000586
v 0.139077 0.088527 -0.015575
v 0.134267 0.088527 -0.015575
v 0.139077 0.073136 -0.015575
v 0.134267 0.073136 -0.015575
v 0.134267 0.057744 -0.015575
v 0.134267 0.057744 -0.011727
v 0.134267 0.057744 0.000586
v 0.134267 0.057744 0.016747
v 0.134267 0.057744 0.012899
v 0.139077 0.073136 0.016747
v 0.134267 0.073136 0.016747
v 0.139077 0.088527 0.016747
v 0.134267 0.088527 0.016747
v 0.139077 0.088527 0.012899
v 0.134267 0.088527 0.012899
v 0.124648 0.088527 0.000586
v 0.124648 0.088527 -0.011727
v 0.123445 0.087757 0.015977
v 0.123445 0.087757 0.013091
v 0.121040 0.087757 0.013091
v 0.121040 0.087757 0.015977
v 0.121040 0.072366 0.015977
v 0.123445 0.072366 0.015977
v 0.121040 0.060823 0.015977
v 0.123445 0.060823 0.015977
v 0.124648 0.057744 0.012899
v 0.124648 0.057744 0.016747
v 0.124648 0.057744 -0.011727
v 0.124648 0.057744 0.000586
v 0.124648 0.057744 -0.015575
v 0.121040 0.072366 -0.014805
v 0.123445 0.072366 -0.014805
v 0.123445 0.060823 -0.014805
v 0.121040 0.060823 -0.014805
v 0.121040 0.087757 -0.014805
v 0.123445 0.087757 -0.014805
v 0.121040 0.087757 -0.011920
v 0.123445 0.087757 -0.011920
v 0.095789 0.088527 -0.011727
v 0.095789 0.088527 0.000586
v 0.100599 0.088527 -0.015575
v 0.095789 0.088527 -0.015575
v 0.100599 0.073136 -0.015575
v 0.095789 0.073136 -0.015575
v 0.095789 0.057744 -0.015575
v 0.095789 0.057744 -0.011727
v 0.095789 0.057744 0.000586
v 0.095789 0.057744 0.016747
v 0.095789 0.057744 0.012899
v 0.100599 0.073136 0.016747
v 0.095789 0.073136 0.016747
v 0.100599 0.088527 0.016747
v 0.095789 0.088527 0.016747
v 0.100599 0.088527 0.012899
v 0.095789 0.088527 0.012899
v 0.148697 0.088527 0.000586
v 0.148697 0.088527 -0.011727
v 0.149899 0.087757 -0.011920
v 0.152304 0.087757 -0.011920
v 0.152304 0.087757 -0.014805
v 0.149899 0.087757 -0.014805
v 0.152304 0.072366 -0.014805
v 0.149899 0.072366 -0.014805
v 0.152304 0.060823 -0.014805
v 0.149899 0.060823 -0.014805
v 0.148697 0.057744 -0.015575
v 0.148697 0.057744 -0.011727
v 0.148697 0.057744 0.000586
v 0.148697 0.057744 0.016747
v 0.148697 0.057744 0.012899
v 0.149899 0.060823 0.015977
v 0.152304 0.060823 0.015977
v 0.152304 0.072366 0.015977
v 0.149899 0.072366 0.015977
v 0.152304 0.087757 0.015977
v 0.149899 0.087757 0.015977
v 0.152304 0.087757 0.013091
v 0.149899 0.087757 0.013091
v 0.148697 0.088527 0.016747
v 0.148697 0.088527 0.012899
v 0.143887 0.088527 0.012899
v 0.143887 0.088527 0.016747
v 0.143887 0.073136 0.016747
v 0.148697 0.073136 0.016747
v 0.143887 0.073136 -0.015575
v 0.148697 0.073136 -0.015575
v 0.143887 0.088527 -0.015575
v 0.148697 0.088527 -0.015575
v 0.129458 0.088527 0.000586
v 0.129458 0.088527 -0.011727
v 0.130660 0.087757 -0.011920
v 0.133065 0.087757 -0.011920
v 0.133065 0.087757 -0.014805
v 0.130660 0.087757 -0.014805
v 0.133065 0.072366 -0.014805
v 0.130660 0.072366 -0.014805
v 0.133065 0.060823 -0.014805
v 0.130660 0.060823 -0.014805
v 0.129458 0.057744 -0.015575
v 0.129458 0.057744 -0.011727
v 0.129458 0.057744 0.000586
v 0.129458 0.057744 0.016747
v 0.129458 0.057744 0.012899
v 0.130660 0.060823 0.015977
v 0.133065 0.060823 0.015977
v 0.133065 0.072366 0.015977
v 0.130660 0.072366 0.015977
v 0.133065 0.087757 0.015977
v 0.130660 0.087757 0.015977
v 0.133065 0.087757 0.013091
v 0.130660 0.087757 0.013091
v 0.129458 0.088527 0.016747
v 0.129458 0.088527 0.012899
v 0.124648 0.088527 0.012899
v 0.124648 0.088527 0.016747
v 0.124648 0.073136 0.016747
v 0.129458 0.073136 0.016747
v 0.124648 0.073136 -0.015575
v 0.129458 0.073136 -0.015575
v 0.124648 0.088527 -0.015575
v 0.129458 0.088527 -0.015575
v 0.110218 0.088527 0.000586
v 0.110218 0.088527 -0.011727
v 0.111421 0.087757 -0.011920
v 0.113826 0.087757 -0.011920
v 0.113826 0.087757 -0.014805
v 0.111421 0.087757 -0.014805
v 0.113826 0.072366 -0.014805
v 0.111421 0.072366 -0.014805
v 0.113826 0.060823 -0.014805
v 0.111421 0.060823 -0.014805
v 0.110218 0.057744 -0.015575
v 0.110218 0.057744 -0.011727
v 0.110218 0.057744 0.000586
v 0.110218 0.057744 0.016747
v 0.110218 0.057744 0.012899
v 0.111421 0.060823 0.015977
v 0.113826 0.060823 0.015977
v 0.113826 0.072366 0.015977
v 0.111421 0.072366 0.015977
v 0.113826 0.087757 0.015977
v 0.111421 0.087757 0.015977
v 0.113826 0.087757 0.013091
v 0.111421 0.087757 0.013091
v 0.110218 0.088527 0.016747
v 0.110218 0.088527 0.012899
v 0.105409 0.088527 0.012899
v 0.105409 0.088527 0.016747
v 0.105409 0.073136 0.016747
v 0.110218 0.073136 0.016747
v 0.105409 0.073136 -0.015575
v 0.110218 0.073136 -0.015575
v 0.105409 0.088527 -0.015575
v 0.110218 0.088527 -0.015575
v 0.092182 0.087757 -0.011920
v 0.094586 0.087757 -0.011920
v 0.094586 0.087757 -0.014805
v 0.092182 0.087757 -0.014805
v 0.094586 0.072366 -0.014805
v 0.092182 0.072366 -0.014805
v 0.094586 0.060823 -0.014805
v 0.092182 0.060823 -0.014805
v 0.092182 0.060823 0.015977
v 0.094586 0.060823 0.015977
v 0.094586 0.072366 0.015977
v 0.092182 0.072366 0.015977
v 0.094586 0.087757 0.015977
v 0.092182 0.087757 0.015977
v 0.094586 0.087757 0.013091
v 0.092182 0.087757 0.013091
v 0.160240 0.089297 0.004434
v 0.152545 0.089297 0.004434
v 0.152545 0.088527 0.004434
v 0.160240 0.088527 0.004434
v 0.152545 0.088527 -0.003262
v 0.152545 0.089297 -0.003262
v 0.160240 0.089297 -0.003262
v 0.160240 0.088527 -0.003262
v 0.152545 0.094684 0.003472
v 0.152545 0.088527 0.003472
v 0.163318 0.088527 0.003472
v 0.160240 0.094684 0.003472
v 0.152545 0.088527 -0.002300
v 0.152545 0.094684 -0.002300
v 0.160240 0.094684 -0.002300
v 0.163318 0.088527 -0.002300
v -0.024456 0.089297 0.012129
v -0.032152 0.089297 0.012129
v -0.032152 0.082370 0.012129
v -0.024456 0.082370 0.012129
v -0.032152 0.082370 -0.010958
v -0.032152 0.089297 -0.010958
v -0.024456 0.089297 -0.010958
v -0.024456 0.082370 -0.010958
v -0.032152 0.094684 -0.005186
v -0.032152 0.090066 -0.002300
v -0.024456 0.090066 -0.002300
v -0.024456 0.094684 -0.005186
v -0.024456 0.082370 -0.005186
v -0.024456 0.082370 -0.002300
v -0.032152 0.082370 -0.002300
v -0.032152 0.082370 -0.005186
v -0.032152 0.094684 0.006358
v -0.032152 0.090066 0.003472
v -0.032152 0.082370 0.003472
v -0.032152 0.082370 0.006358
v -0.024456 0.082370 0.003472
v -0.024456 0.082370 0.006358
v -0.024456 0.090066 0.003472
v -0.024456 0.094684 0.006358
v -0.032152 0.082370 0.009244
v -0.032152 0.094684 0.009244
v -0.024456 0.082370 0.009244
v -0.024456 0.094684 0.009244
v -0.032152 0.094684 -0.008072
v -0.032152 0.082370 -0.008072
v -0.024456 0.094684 -0.008072
v -0.024456 0.082370 -0.008072
v -0.032152 0.082370 0.000586
v -0.032152 0.090066 0.000586
v -0.024456 0.090066 0.000586
v -0.024456 0.082370 0.000586
vn -0.0000 -0.0000 1.0000
vn -0.0000 -0.0000 -1.0000
vn -0.0000 1.0000 -0.0000
vn -0.0000 -1.0000 -0.0000
vn -1.0000 -0.0000 -0.0000
vn 1.0000 -0.0000 -0.0000
vn -0.0000 0.2425 0.9701
vn -0.7295 -0.0000 -0.6839
vn 0.7296 -0.0000 -0.6839
vn 0.7296 0.6839 -0.0000
vn -0.0000 0.2425 -0.9701
vn -0.7295 0.6839 -0.0000
vn 0.7295 0.6839 -0.0000
vn -0.7296 0.6839 -0.0000
vn 0.7295 -0.0000 -0.6839
vn -0.7295 -0.0000 -0.6840
vn -0.5391 -0.0000 -0.8423
vn 0.5391 -0.0000 -0.8423
vn -0.5391 0.8423 -0.0000
vn 0.5391 0.8423 -0.0000
vn 0.5390 -0.0000 -0.8423
vn -0.5390 -0.0000 -0.8423
vn -0.5391 -0.0000 0.8423
vn 0.5391 -0.0000 0.8423
vn 0.5390 -0.0000 0.8423
vn -0.0000 0.2426 0.9701
vn -0.7295 -0.0000 0.6839
vn 0.7296 -0.0000 0.6839
vn 0.7295 -0.0000 0.6839
vn -0.7295 -0.0000 0.6840
vn 0.2950 0.1475 0.9440
vn -0.0000 0.1758 0.9844
vn -0.0000 0.1758 -0.9844
vn 0.3317 0.1658 -0.9287
vn 0.8944 0.4472 -0.0000
vn -0.0000 0.5300 0.8480
vn -0.0000 0.5300 -0.8480
vn -0.0000 0.4722 0.8815
vn -0.0000 0.4722 -0.8815
vt 0.456759 0.890607
vt 0.433322 0.890607
vt 0.433322 0.859357
vt 0.456759 0.859357
vt 0.730740 0.781250
vt 0.754177 0.781250
vt 0.754177 0.812500
vt 0.730740 0.812500
vt 0.275000 0.578125
vt 0.267188 0.578125
vt 0.267188 0.554688
vt 0.275000 0.554688
vt 0.353125 0.882812
vt 0.345313 0.882812
vt 0.345313 0.859375
vt 0.353125 0.859375
vt 0.696875 0.484375
vt 0.689062 0.484375
vt 0.689062 0.453125
vt 0.696875 0.453125
vt 0.006250 0.343750
vt 0.014062 0.343750
vt 0.014062 0.375000
vt 0.006250 0.375000
vt 0.209375 0.578125
vt 0.209375 0.554688
vt 0.217187 0.554688
vt 0.217187 0.578125
vt 0.071875 0.375000
vt 0.064062 0.375000
vt 0.064062 0.343750
vt 0.071875 0.343750
vt 0.295312 0.859375
vt 0.295312 0.882812
vt 0.287500 0.882812
vt 0.287500 0.859375
vt 0.631250 0.453125
vt 0.639063 0.453125
vt 0.639063 0.484375
vt 0.631250 0.484375
vt 0.406055 0.328125
vt 0.398708 0.328125
vt 0.398708 0.234375
vt 0.406055 0.234375
vt 0.671875 0.609375
vt 0.671875 0.578125
vt 0.765625 0.578125
vt 0.765625 0.609375
vt 0.353125 0.812500
vt 0.345313 0.812500
vt 0.345313 0.718750
vt 0.353125 0.718750
vt 0.287500 0.718750
vt 0.295312 0.718750
vt 0.295312 0.812500
vt 0.287500 0.812500
vt 0.590115 0.812500
vt 0.590115 0.781250
vt 0.683865 0.781250
vt 0.683865 0.812500
vt 0.209375 0.625000
vt 0.217187 0.625000
vt 0.217187 0.718750
vt 0.209375 0.718750
vt 0.275000 0.777344
vt 0.267188 0.777344
vt 0.267188 0.767578
vt 0.275000 0.767578
vt 0.658718 0.890613
vt 0.648952 0.890612
vt 0.648956 0.859362
vt 0.658721 0.859363
vt 0.353125 0.669922
vt 0.345313 0.669922
vt 0.345313 0.660156
vt 0.353125 0.660156
vt 0.295312 0.660156
vt 0.295312 0.669922
vt 0.287500 0.669922
vt 0.287500 0.660156
vt 0.528777 0.781250
vt 0.538543 0.781250
vt 0.538543 0.812500
vt 0.528777 0.812500
vt 0.209375 0.777344
vt 0.209375 0.767578
vt 0.217187 0.767578
vt 0.217187 0.777344
vt 0.597384 0.828107
vt 0.597384 0.859357
vt 0.503634 0.859357
vt 0.503634 0.828107
vt 0.433322 0.828107
vt 0.456759 0.828107
vt 0.689062 0.421875
vt 0.696875 0.421875
vt 0.631250 0.421875
vt 0.639063 0.421875
vt 0.730740 0.750000
vt 0.754177 0.750000
vt 0.683865 0.750000
vt 0.590115 0.750000
vt 0.528777 0.750000
vt 0.538543 0.750000
vt 0.064062 0.312500
vt 0.071875 0.312500
vt 0.006250 0.312500
vt 0.014062 0.312500
vt 0.658722 0.859360
vt 0.648956 0.859359
vt 0.648958 0.828109
vt 0.658724 0.828110
vt 0.008594 0.843750
vt 0.008594 0.873438
vt 0.007031 0.875000
vt 0.007031 0.843750
vt 0.109375 0.656250
vt 0.109375 0.562500
vt 0.125000 0.562500
vt 0.125000 0.656250
vt 0.085156 0.389062
vt 0.085156 0.359375
vt 0.086719 0.359375
vt 0.086719 0.390625
vt 0.078906 0.390625
vt 0.077809 0.389062
vt 0.109375 0.406250
vt 0.203125 0.406250
vt 0.203125 0.421875
vt 0.109375 0.421875
vt 0.015941 0.873438
vt 0.014844 0.875000
vt 0.359375 0.953125
vt 0.375000 0.953125
vt 0.375000 0.968750
vt 0.359375 0.968750
vt 0.665528 0.296875
vt 0.662598 0.296875
vt 0.662598 0.265625
vt 0.665528 0.265625
vt 0.662598 0.242188
vt 0.665528 0.242188
vt 0.287500 0.935547
vt 0.295312 0.935547
vt 0.295312 0.941406
vt 0.287500 0.941406
vt 0.353125 0.941406
vt 0.345313 0.941406
vt 0.345313 0.935547
vt 0.353125 0.935547
vt 0.678223 0.242188
vt 0.681153 0.242188
vt 0.681153 0.265625
vt 0.678223 0.265625
vt 0.681153 0.296875
vt 0.678223 0.296875
vt 0.500000 0.718750
vt 0.484375 0.718750
vt 0.484375 0.703125
vt 0.500000 0.703125
vt 0.209375 0.466797
vt 0.217187 0.466797
vt 0.217187 0.472656
vt 0.209375 0.472656
vt 0.490234 0.296875
vt 0.496094 0.296875
vt 0.496094 0.328125
vt 0.490234 0.328125
vt 0.490234 0.265625
vt 0.496094 0.265625
vt 0.287500 0.964844
vt 0.295312 0.964844
vt 0.295312 0.970703
vt 0.287500 0.970703
vt 0.353125 0.970703
vt 0.345313 0.970703
vt 0.345313 0.964844
vt 0.353125 0.964844
vt 0.712891 0.390625
vt 0.707031 0.390625
vt 0.707031 0.359375
vt 0.712891 0.359375
vt 0.712891 0.421875
vt 0.707031 0.421875
vt 0.275000 0.472656
vt 0.267188 0.472656
vt 0.267188 0.466797
vt 0.275000 0.466797
vt 0.209375 0.437500
vt 0.217187 0.437500
vt 0.217187 0.460938
vt 0.209375 0.460938
vt 0.525391 0.328125
vt 0.501953 0.328125
vt 0.501953 0.296875
vt 0.525391 0.296875
vt 0.501953 0.265625
vt 0.525391 0.265625
vt 0.287500 0.976562
vt 0.295312 0.976562
vt 0.295312 1.000000
vt 0.287500 1.000000
vt 0.353125 1.000000
vt 0.345313 1.000000
vt 0.345313 0.976562
vt 0.353125 0.976562
vt 0.677734 0.359375
vt 0.701172 0.359375
vt 0.701172 0.390625
vt 0.677734 0.390625
vt 0.701172 0.421875
vt 0.677734 0.421875
vt 0.275000 0.460938
vt 0.267188 0.460938
vt 0.267188 0.437500
vt 0.275000 0.437500
vt 0.696778 0.296875
vt 0.693848 0.296875
vt 0.693848 0.265625
vt 0.696778 0.265625
vt 0.343750 0.484375
vt 0.359375 0.484375
vt 0.359375 0.500000
vt 0.343750 0.500000
vt 0.343750 0.468750
vt 0.359375 0.468750
vt 0.709473 0.265625
vt 0.712403 0.265625
vt 0.712403 0.296875
vt 0.709473 0.296875
vt 0.709473 0.242188
vt 0.712403 0.242188
vt 0.345313 0.958984
vt 0.353125 0.958984
vt 0.287500 0.958984
vt 0.295312 0.958984
vt 0.693848 0.242188
vt 0.696778 0.242188
vt 0.270508 0.671875
vt 0.276367 0.671875
vt 0.276367 0.703125
vt 0.270508 0.703125
vt 0.209375 0.513672
vt 0.217187 0.513672
vt 0.217187 0.519531
vt 0.209375 0.519531
vt 0.125000 0.468750
vt 0.109375 0.468750
vt 0.109375 0.453125
vt 0.125000 0.453125
vt 0.354492 0.562500
vt 0.348633 0.562500
vt 0.348633 0.531250
vt 0.354492 0.531250
vt 0.348633 0.500000
vt 0.354492 0.500000
vt 0.353125 0.923828
vt 0.345313 0.923828
vt 0.345313 0.917969
vt 0.353125 0.917969
vt 0.287500 0.917969
vt 0.295312 0.917969
vt 0.295312 0.923828
vt 0.287500 0.923828
vt 0.270508 0.640625
vt 0.276367 0.640625
vt 0.209375 0.490234
vt 0.217187 0.490234
vt 0.217187 0.496094
vt 0.209375 0.496094
vt 0.411133 0.421875
vt 0.416992 0.421875
vt 0.416992 0.453125
vt 0.411133 0.453125
vt 0.411133 0.390625
vt 0.416992 0.390625
vt 0.295312 0.947266
vt 0.287500 0.947266
vt 0.353125 0.947266
vt 0.345313 0.947266
vt 0.416992 0.359375
vt 0.411133 0.359375
vt 0.411133 0.328125
vt 0.416992 0.328125
vt 0.343750 0.453125
vt 0.359375 0.453125
vt 0.109375 0.437500
vt 0.125000 0.437500
vt 0.125000 0.421875
vt 0.068848 0.250000
vt 0.071778 0.250000
vt 0.071778 0.281250
vt 0.068848 0.281250
vt 0.068848 0.226562
vt 0.071778 0.226562
vt 0.345313 0.912109
vt 0.353125 0.912109
vt 0.287500 0.912109
vt 0.295312 0.912109
vt 0.087403 0.250000
vt 0.084473 0.250000
vt 0.084473 0.226562
vt 0.087403 0.226562
vt 0.087403 0.281250
vt 0.084473 0.281250
vt 0.536133 0.296875
vt 0.541992 0.296875
vt 0.541992 0.328125
vt 0.536133 0.328125
vt 0.209375 0.478516
vt 0.217187 0.478516
vt 0.217187 0.484375
vt 0.209375 0.484375
vt 0.593750 0.890625
vt 0.578125 0.890625
vt 0.578125 0.875000
vt 0.593750 0.875000
vt 0.463867 0.312500
vt 0.458008 0.312500
vt 0.458008 0.281250
vt 0.463867 0.281250
vt 0.458008 0.250000
vt 0.463867 0.250000
vt 0.345313 0.953125
vt 0.353125 0.953125
vt 0.287500 0.953125
vt 0.295312 0.953125
vt 0.536133 0.265625
vt 0.541992 0.265625
vt 0.103028 0.281250
vt 0.100098 0.281250
vt 0.100098 0.250000
vt 0.103028 0.250000
vt 0.100098 0.226562
vt 0.103028 0.226562
vt 0.115723 0.226562
vt 0.118653 0.226562
vt 0.118653 0.250000
vt 0.115723 0.250000
vt 0.118653 0.281250
vt 0.115723 0.281250
vt 0.578125 0.859375
vt 0.593750 0.859375
vt 0.609375 0.890625
vt 0.609375 0.906250
vt 0.593750 0.906250
vt 0.473633 0.281250
vt 0.479492 0.281250
vt 0.479492 0.312500
vt 0.473633 0.312500
vt 0.209375 0.501953
vt 0.217187 0.501953
vt 0.217187 0.507812
vt 0.209375 0.507812
vt 0.640625 0.390625
vt 0.625000 0.390625
vt 0.625000 0.375000
vt 0.640625 0.375000
vt 0.588867 0.296875
vt 0.583008 0.296875
vt 0.583008 0.265625
vt 0.588867 0.265625
vt 0.583008 0.234375
vt 0.588867 0.234375
vt 0.345313 0.929688
vt 0.353125 0.929688
vt 0.287500 0.929688
vt 0.295312 0.929688
vt 0.473633 0.250000
vt 0.479492 0.250000
vt 0.134278 0.281250
vt 0.131348 0.281250
vt 0.131348 0.250000
vt 0.134278 0.250000
vt 0.131348 0.226562
vt 0.134278 0.226562
vt 0.146973 0.226562
vt 0.149903 0.226562
vt 0.149903 0.250000
vt 0.146973 0.250000
vt 0.149903 0.281250
vt 0.146973 0.281250
vt 0.625000 0.359375
vt 0.640625 0.359375
vt 0.078125 0.343750
vt 0.093750 0.343750
vt 0.093750 0.359375
vt 0.078125 0.359375
vt 0.598633 0.265625
vt 0.604492 0.265625
vt 0.604492 0.296875
vt 0.598633 0.296875
vt 0.209375 0.525391
vt 0.217187 0.525391
vt 0.217187 0.531250
vt 0.209375 0.531250
vt 0.421875 0.328125
vt 0.406250 0.328125
vt 0.406250 0.312500
vt 0.421875 0.312500
vt 0.620117 0.296875
vt 0.614258 0.296875
vt 0.614258 0.265625
vt 0.620117 0.265625
vt 0.614258 0.234375
vt 0.620117 0.234375
vt 0.345313 0.906250
vt 0.353125 0.906250
vt 0.287500 0.906250
vt 0.295312 0.906250
vt 0.598633 0.234375
vt 0.604492 0.234375
vt 0.242188 0.478516
vt 0.242188 0.472656
vt 0.242188 0.466797
vt 0.242188 0.460938
vt 0.242188 0.437500
vt 0.664062 0.484375
vt 0.664062 0.453125
vt 0.664062 0.421875
vt 0.320312 1.000000
vt 0.320312 0.976562
vt 0.320312 0.970703
vt 0.320312 0.964844
vt 0.320312 0.958984
vt 0.320312 0.953125
vt 0.320312 0.947266
vt 0.320312 0.941406
vt 0.320312 0.935547
vt 0.320312 0.929688
vt 0.320312 0.923828
vt 0.320312 0.917969
vt 0.320312 0.912109
vt 0.320312 0.906250
vt 0.320312 0.859375
vt 0.320312 0.882812
vt 0.320312 0.812500
vt 0.320312 0.718750
vt 0.320312 0.660156
vt 0.320312 0.669922
vt 0.039062 0.312500
vt 0.039062 0.343750
vt 0.039062 0.375000
vt 0.242188 0.767578
vt 0.242188 0.777344
vt 0.242188 0.718750
vt 0.242188 0.625000
vt 0.242188 0.554688
vt 0.242188 0.578125
vt 0.242188 0.531250
vt 0.242188 0.525391
vt 0.242188 0.519531
vt 0.242188 0.513672
vt 0.242188 0.507812
vt 0.242188 0.501953
vt 0.242188 0.496094
vt 0.242188 0.490234
vt 0.242188 0.484375
vt 0.408392 0.232812
vt 0.408392 0.264062
vt 0.406250 0.265625
vt 0.406250 0.234375
vt 0.763484 0.295312
vt 0.763484 0.264062
vt 0.765625 0.265625
vt 0.765625 0.296875
vt 0.738672 0.562500
vt 0.744531 0.562500
vt 0.746094 0.578125
vt 0.738281 0.578125
vt 0.600098 0.218750
vt 0.603028 0.218750
vt 0.739844 0.546875
vt 0.745703 0.546875
vt 0.746094 0.562500
vt 0.738281 0.562500
vt 0.408392 0.209375
vt 0.406250 0.203125
vt 0.692383 0.235745
vt 0.698242 0.235745
vt 0.763484 0.240625
vt 0.765625 0.234375
vt 0.738672 0.531250
vt 0.744531 0.531250
vt 0.746094 0.546875
vt 0.738281 0.546875
vt 0.771973 0.390625
vt 0.774903 0.390625
vt 0.776367 0.406250
vt 0.770508 0.406250
vt 0.739844 0.312500
vt 0.745703 0.312500
vt 0.746094 0.328125
vt 0.738281 0.328125
vt 0.424017 0.232812
vt 0.424017 0.264062
vt 0.421875 0.265625
vt 0.421875 0.234375
vt 0.450983 0.264062
vt 0.450983 0.232812
vt 0.453125 0.234375
vt 0.453125 0.265625
vt 0.424017 0.209375
vt 0.421875 0.203125
vt 0.098633 0.220120
vt 0.104492 0.220120
vt 0.450983 0.209375
vt 0.453125 0.203125
vt 0.754297 0.562500
vt 0.760156 0.562500
vt 0.761719 0.578125
vt 0.753906 0.578125
vt 0.615723 0.218750
vt 0.618653 0.218750
vt 0.755469 0.546875
vt 0.761328 0.546875
vt 0.761719 0.562500
vt 0.753906 0.562500
vt 0.486517 0.232812
vt 0.486517 0.264062
vt 0.484375 0.265625
vt 0.484375 0.234375
vt 0.779109 0.889063
vt 0.779109 0.857813
vt 0.781250 0.859375
vt 0.781250 0.890625
vt 0.486517 0.209375
vt 0.484375 0.203125
vt 0.661133 0.235745
vt 0.666992 0.235745
vt 0.779109 0.834375
vt 0.781250 0.828125
vt 0.754297 0.531250
vt 0.760156 0.531250
vt 0.761719 0.546875
vt 0.753906 0.546875
vt 0.771973 0.375000
vt 0.774903 0.375000
vt 0.776367 0.390625
vt 0.770508 0.390625
vt 0.755469 0.328125
vt 0.761328 0.328125
vt 0.761719 0.343750
vt 0.753906 0.343750
vt 0.502142 0.232812
vt 0.502142 0.264062
vt 0.500000 0.265625
vt 0.500000 0.234375
vt 0.529108 0.264062
vt 0.529108 0.232812
vt 0.531250 0.234375
vt 0.531250 0.265625
vt 0.502142 0.209375
vt 0.500000 0.203125
vt 0.129883 0.220120
vt 0.135742 0.220120
vt 0.529108 0.209375
vt 0.531250 0.203125
vt 0.754297 0.312500
vt 0.760156 0.312500
vt 0.761719 0.328125
vt 0.753906 0.328125
vt 0.631348 0.218750
vt 0.634278 0.218750
vt 0.635742 0.234375
vt 0.629883 0.234375
vt 0.771094 0.984375
vt 0.776953 0.984375
vt 0.777344 1.000000
vt 0.769531 1.000000
vt 0.533392 0.232812
vt 0.533392 0.264062
vt 0.341608 0.248437
vt 0.341608 0.217187
vt 0.343750 0.218750
vt 0.343750 0.250000
vt 0.533392 0.209375
vt 0.083008 0.220120
vt 0.088867 0.220120
vt 0.341608 0.193750
vt 0.343750 0.187500
vt 0.275000 0.625000
vt 0.267188 0.625000
vt 0.503634 0.890607
vt 0.165528 0.281250
vt 0.162598 0.281250
vt 0.162598 0.250000
vt 0.165528 0.250000
vt 0.162598 0.226562
vt 0.165528 0.226562
vt 0.287500 0.894531
vt 0.287500 0.888672
vt 0.295312 0.888672
vt 0.295312 0.894531
vt 0.320312 0.888672
vt 0.320312 0.894531
vt 0.353125 0.894531
vt 0.345313 0.894531
vt 0.345313 0.888672
vt 0.353125 0.888672
vt 0.178223 0.226562
vt 0.181153 0.226562
vt 0.181153 0.250000
vt 0.178223 0.250000
vt 0.181153 0.281250
vt 0.178223 0.281250
vt 0.718750 0.453125
vt 0.703125 0.453125
vt 0.703125 0.437500
vt 0.718750 0.437500
vt 0.242188 0.542969
vt 0.242188 0.548828
vt 0.217187 0.548828
vt 0.217187 0.542969
vt 0.718750 0.421875
vt 0.703125 0.421875
vt 0.629883 0.265625
vt 0.635742 0.265625
vt 0.635742 0.296875
vt 0.629883 0.296875
vt 0.295312 0.900391
vt 0.287500 0.900391
vt 0.320312 0.900391
vt 0.353125 0.900391
vt 0.345313 0.900391
vt 0.651367 0.265625
vt 0.645508 0.265625
vt 0.645508 0.234375
vt 0.651367 0.234375
vt 0.651367 0.296875
vt 0.645508 0.296875
vt 0.718750 0.328125
vt 0.703125 0.328125
vt 0.703125 0.312500
vt 0.718750 0.312500
vt 0.217187 0.537109
vt 0.242188 0.537109
vt 0.209375 0.542969
vt 0.209375 0.537109
vt 0.228028 0.281250
vt 0.225098 0.281250
vt 0.225098 0.250000
vt 0.228028 0.250000
vt 0.225098 0.226562
vt 0.228028 0.226562
vt 0.240722 0.226562
vt 0.243652 0.226562
vt 0.243652 0.250000
vt 0.240722 0.250000
vt 0.243652 0.281250
vt 0.240722 0.281250
vt 0.265625 0.281250
vt 0.250000 0.281250
vt 0.250000 0.265625
vt 0.265625 0.265625
vt 0.281250 0.265625
vt 0.281250 0.281250
vt 0.760037 0.781250
vt 0.760037 0.812500
vt 0.209375 0.548828
vt 0.267188 0.548828
vt 0.275000 0.548828
vt 0.427462 0.890607
vt 0.427462 0.859357
vt 0.427462 0.828107
vt 0.760037 0.750000
vt 0.736517 0.420312
vt 0.736517 0.451562
vt 0.734375 0.453125
vt 0.734375 0.421875
vt 0.763483 0.670313
vt 0.763483 0.639063
vt 0.765625 0.640625
vt 0.765625 0.671875
vt 0.771973 0.359375
vt 0.774903 0.359375
vt 0.776367 0.375000
vt 0.770508 0.375000
vt 0.771094 0.968750
vt 0.776953 0.968750
vt 0.777344 0.984375
vt 0.769531 0.984375
vt 0.769922 0.750000
vt 0.775781 0.750000
vt 0.777344 0.765625
vt 0.769531 0.765625
vt 0.736517 0.396875
vt 0.734375 0.390625
vt 0.223633 0.220120
vt 0.229492 0.220120
vt 0.763483 0.615625
vt 0.345891 0.201562
vt 0.345891 0.232812
vt 0.343750 0.234375
vt 0.343750 0.203125
vt 0.466608 0.248437
vt 0.466608 0.217187
vt 0.468750 0.218750
vt 0.468750 0.250000
vt 0.646972 0.218750
vt 0.649903 0.218750
vt 0.771094 0.734375
vt 0.776953 0.734375
vt 0.777344 0.750000
vt 0.769531 0.750000
vt 0.379297 0.218750
vt 0.385156 0.218750
vt 0.386719 0.234375
vt 0.378906 0.234375
vt 0.345891 0.178125
vt 0.343750 0.171875
vt 0.161133 0.220120
vt 0.166992 0.220120
vt 0.466608 0.193750
vt 0.468750 0.187500
vt 0.242188 0.816406
vt 0.242188 0.826172
vt 0.217187 0.826172
vt 0.217187 0.816406
vt 0.273438 0.824188
vt 0.267578 0.824188
vt 0.267578 0.819305
vt 0.273438 0.819305
vt 0.702511 0.857806
vt 0.707394 0.857806
vt 0.707390 0.889056
vt 0.702507 0.889056
vt 0.702512 0.834363
vt 0.707395 0.834363
vt 0.707394 0.857800
vt 0.702511 0.857800
vt 0.353125 0.621094
vt 0.345313 0.621094
vt 0.345313 0.611328
vt 0.353125 0.611328
vt 0.295312 0.621094
vt 0.295312 0.611328
vt 0.320312 0.611328
vt 0.320312 0.621094
vt 0.287500 0.621094
vt 0.287500 0.611328
vt 0.484988 0.779688
vt 0.480105 0.779688
vt 0.480105 0.756250
vt 0.484988 0.756250
vt 0.484988 0.810938
vt 0.480105 0.810938
vt 0.216797 0.819305
vt 0.216797 0.824188
vt 0.210938 0.824188
vt 0.210938 0.819305
vt 0.217187 0.855469
vt 0.217187 0.845703
vt 0.242188 0.845703
vt 0.242188 0.855469
vt 0.275000 0.855469
vt 0.267188 0.855469
vt 0.267188 0.845703
vt 0.275000 0.845703
vt 0.740501 0.890623
vt 0.730735 0.890622
vt 0.730739 0.859372
vt 0.740504 0.859373
vt 0.740504 0.859365
vt 0.730739 0.859365
vt 0.730741 0.828115
vt 0.740506 0.828115
vt 0.353125 0.591797
vt 0.345313 0.591797
vt 0.345313 0.582031
vt 0.353125 0.582031
vt 0.320312 0.582031
vt 0.320312 0.591797
vt 0.295312 0.591797
vt 0.295312 0.582031
vt 0.287500 0.591797
vt 0.287500 0.582031
vt 0.446995 0.750000
vt 0.456760 0.750000
vt 0.456760 0.781250
vt 0.446995 0.781250
vt 0.456760 0.812500
vt 0.446995 0.812500
vt 0.209375 0.855469
vt 0.209375 0.845703
vt 0.242188 0.738281
vt 0.242188 0.748047
vt 0.217187 0.748047
vt 0.217187 0.738281
vt 0.216797 0.741180
vt 0.216797 0.746063
vt 0.210938 0.746063
vt 0.210938 0.741180
vt 0.566771 0.810938
vt 0.561888 0.810938
vt 0.561888 0.779688
vt 0.566771 0.779688
vt 0.561888 0.756250
vt 0.566771 0.756250
vt 0.287500 0.699219
vt 0.287500 0.689453
vt 0.295312 0.689453
vt 0.295312 0.699219
vt 0.320312 0.689453
vt 0.320312 0.699219
vt 0.353125 0.699219
vt 0.345313 0.699219
vt 0.345313 0.689453
vt 0.353125 0.689453
vt 0.620728 0.834357
vt 0.625612 0.834358
vt 0.625611 0.857795
vt 0.620728 0.857795
vt 0.620728 0.857797
vt 0.625611 0.857797
vt 0.625607 0.889047
vt 0.620724 0.889047
vt 0.273438 0.746063
vt 0.267578 0.746063
vt 0.267578 0.741180
vt 0.273438 0.741180
vt 0.217187 0.875000
vt 0.242188 0.875000
vt 0.275000 0.875000
vt 0.267188 0.875000
vt 0.760032 0.890625
vt 0.760035 0.859375
vt 0.760036 0.859366
vt 0.760038 0.828116
vt 0.345313 0.562500
vt 0.353125 0.562500
vt 0.320312 0.562500
vt 0.295312 0.562500
vt 0.287500 0.562500
vt 0.427463 0.750000
vt 0.427463 0.781250
vt 0.427463 0.812500
vt 0.209375 0.875000
vt 0.217187 0.806641
vt 0.242188 0.806641
vt 0.209375 0.816406
vt 0.209375 0.806641
vt 0.487887 0.781250
vt 0.497652 0.781250
vt 0.497652 0.812500
vt 0.487887 0.812500
vt 0.487887 0.750000
vt 0.497652 0.750000
vt 0.295312 0.630859
vt 0.287500 0.630859
vt 0.320312 0.630859
vt 0.353125 0.630859
vt 0.345313 0.630859
vt 0.699612 0.859362
vt 0.689847 0.859362
vt 0.689849 0.828112
vt 0.699614 0.828112
vt 0.699608 0.890618
vt 0.689843 0.890617
vt 0.689846 0.859367
vt 0.699612 0.859368
vt 0.275000 0.816406
vt 0.267188 0.816406
vt 0.267188 0.806641
vt 0.275000 0.806641
vt 0.242188 0.787109
vt 0.217187 0.787109
vt 0.273438 0.785125
vt 0.267578 0.785125
vt 0.267578 0.780242
vt 0.273438 0.780242
vt 0.661620 0.857801
vt 0.666503 0.857802
vt 0.666499 0.889052
vt 0.661616 0.889051
vt 0.661622 0.834360
vt 0.666505 0.834360
vt 0.666503 0.857798
vt 0.661620 0.857797
vt 0.345313 0.650391
vt 0.353125 0.650391
vt 0.295312 0.650391
vt 0.320312 0.650391
vt 0.287500 0.650391
vt 0.525879 0.779688
vt 0.520996 0.779688
vt 0.520996 0.756250
vt 0.525879 0.756250
vt 0.525879 0.810938
vt 0.520996 0.810938
vt 0.216797 0.780242
vt 0.216797 0.785125
vt 0.210938 0.785125
vt 0.210938 0.780242
vt 0.217187 0.728516
vt 0.242188 0.728516
vt 0.209375 0.738281
vt 0.209375 0.728516
vt 0.569670 0.781250
vt 0.579435 0.781250
vt 0.579435 0.812500
vt 0.569670 0.812500
vt 0.569670 0.750000
vt 0.579435 0.750000
vt 0.295312 0.708984
vt 0.287500 0.708984
vt 0.320312 0.708984
vt 0.353125 0.708984
vt 0.345313 0.708984
vt 0.617830 0.859357
vt 0.608064 0.859357
vt 0.608064 0.828107
vt 0.617830 0.828107
vt 0.617826 0.890609
vt 0.608060 0.890607
vt 0.608064 0.859357
vt 0.617829 0.859359
vt 0.275000 0.738281
vt 0.267188 0.738281
vt 0.267188 0.728516
vt 0.275000 0.728516
vt 0.242188 0.835938
vt 0.217187 0.835938
vt 0.216797 0.838836
vt 0.216797 0.843719
vt 0.210938 0.843719
vt 0.210938 0.838836
vt 0.464543 0.810938
vt 0.459660 0.810938
vt 0.459660 0.779688
vt 0.464543 0.779688
vt 0.459660 0.756250
vt 0.464543 0.756250
vt 0.287500 0.601562
vt 0.295312 0.601562
vt 0.320312 0.601562
vt 0.353125 0.601562
vt 0.345313 0.601562
vt 0.722958 0.834364
vt 0.727840 0.834364
vt 0.727839 0.857802
vt 0.722956 0.857802
vt 0.722956 0.857808
vt 0.727839 0.857809
vt 0.727835 0.889059
vt 0.722952 0.889058
vt 0.273438 0.843719
vt 0.267578 0.843719
vt 0.267578 0.838836
vt 0.273438 0.838836
vt 0.275000 0.835938
vt 0.267188 0.835938
vt 0.267188 0.826172
vt 0.275000 0.826172
vt 0.720054 0.890620
vt 0.710288 0.890619
vt 0.710292 0.859369
vt 0.720057 0.859370
vt 0.720057 0.859364
vt 0.710292 0.859363
vt 0.710294 0.828113
vt 0.720060 0.828114
vt 0.467441 0.750000
vt 0.477207 0.750000
vt 0.477207 0.781250
vt 0.467441 0.781250
vt 0.477207 0.812500
vt 0.467441 0.812500
vt 0.209375 0.835938
vt 0.209375 0.826172
vt 0.242188 0.796875
vt 0.217187 0.796875
vt 0.216797 0.799773
vt 0.216797 0.804656
vt 0.210938 0.804656
vt 0.210938 0.799773
vt 0.505434 0.810938
vt 0.500551 0.810938
vt 0.500551 0.779688
vt 0.505434 0.779688
vt 0.500551 0.756250
vt 0.505434 0.756250
vt 0.287500 0.640625
vt 0.295312 0.640625
vt 0.320312 0.640625
vt 0.353125 0.640625
vt 0.345313 0.640625
vt 0.682067 0.834361
vt 0.686950 0.834362
vt 0.686948 0.857799
vt 0.682065 0.857799
vt 0.682065 0.857803
vt 0.686948 0.857804
vt 0.686945 0.889054
vt 0.682062 0.889053
vt 0.273438 0.804656
vt 0.267578 0.804656
vt 0.267578 0.799773
vt 0.273438 0.799773
vt 0.275000 0.796875
vt 0.267188 0.796875
vt 0.267188 0.787109
vt 0.275000 0.787109
vt 0.679163 0.890616
vt 0.669397 0.890614
vt 0.669401 0.859364
vt 0.679167 0.859366
vt 0.679167 0.859361
vt 0.669401 0.859360
vt 0.669403 0.828110
vt 0.679169 0.828111
vt 0.508332 0.750000
vt 0.518098 0.750000
vt 0.518098 0.781250
vt 0.508332 0.781250
vt 0.518098 0.812500
vt 0.508332 0.812500
vt 0.209375 0.796875
vt 0.209375 0.787109
vt 0.242188 0.757812
vt 0.217187 0.757812
vt 0.216797 0.760713
vt 0.216797 0.765595
vt 0.210938 0.765595
vt 0.210938 0.760713
vt 0.546324 0.810938
vt 0.541441 0.810938
vt 0.541441 0.779688
vt 0.546324 0.779688
vt 0.541441 0.756250
vt 0.546324 0.756250
vt 0.287500 0.679688
vt 0.295312 0.679688
vt 0.320312 0.679688
vt 0.353125 0.679688
vt 0.345313 0.679688
vt 0.641176 0.834359
vt 0.646059 0.834359
vt 0.646058 0.857796
vt 0.641175 0.857796
vt 0.641175 0.857799
vt 0.646058 0.857799
vt 0.646054 0.889049
vt 0.641171 0.889049
vt 0.273438 0.765595
vt 0.267578 0.765595
vt 0.267578 0.760713
vt 0.273438 0.760713
vt 0.275000 0.757812
vt 0.267188 0.757812
vt 0.267188 0.748047
vt 0.275000 0.748047
vt 0.638273 0.890611
vt 0.628507 0.890610
vt 0.628511 0.859360
vt 0.638276 0.859361
vt 0.638276 0.859358
vt 0.628511 0.859358
vt 0.628513 0.828108
vt 0.638278 0.828108
vt 0.549223 0.750000
vt 0.558988 0.750000
vt 0.558988 0.781250
vt 0.549223 0.781250
vt 0.558988 0.812500
vt 0.549223 0.812500
vt 0.209375 0.757812
vt 0.209375 0.748047
vt 0.724120 0.421875
vt 0.729003 0.421875
vt 0.731445 0.437500
vt 0.721680 0.437500
vt 0.217187 0.846617
vt 0.209375 0.846617
vt 0.459674 0.755900
vt 0.457701 0.749299
vt 0.467442 0.750000
vt 0.724120 0.406250
vt 0.729003 0.406250
vt 0.731445 0.421875
vt 0.721680 0.421875
vt 0.217187 0.827086
vt 0.209375 0.827086
vt 0.480117 0.755898
vt 0.478146 0.749297
vt 0.487887 0.750000
vt 0.724120 0.390625
vt 0.729003 0.390625
vt 0.731445 0.406250
vt 0.721680 0.406250
vt 0.217187 0.807555
vt 0.209375 0.807555
vt 0.500563 0.755899
vt 0.498592 0.749299
vt 0.508332 0.750000
vt 0.521010 0.755900
vt 0.519037 0.749299
vt 0.528777 0.750000
vt 0.724120 0.375000
vt 0.729003 0.375000
vt 0.731445 0.390625
vt 0.721680 0.390625
vt 0.217187 0.788023
vt 0.209375 0.788023
vt 0.724120 0.359375
vt 0.729003 0.359375
vt 0.731445 0.375000
vt 0.721680 0.375000
vt 0.217187 0.768494
vt 0.209375 0.768494
vt 0.541453 0.755898
vt 0.539482 0.749297
vt 0.549223 0.750000
vt 0.724120 0.312500
vt 0.729003 0.312500
vt 0.731445 0.328125
vt 0.721680 0.328125
vt 0.217187 0.748961
vt 0.209375 0.748961
vt 0.561903 0.755900
vt 0.559929 0.749299
vt 0.569670 0.750000
vt 0.216797 0.721648
vt 0.216797 0.726531
vt 0.210938 0.726531
vt 0.210938 0.721648
vt 0.587216 0.810938
vt 0.582334 0.810938
vt 0.582334 0.779688
vt 0.587216 0.779688
vt 0.582334 0.756250
vt 0.587216 0.756250
vt 0.600283 0.834357
vt 0.605165 0.834357
vt 0.605165 0.857795
vt 0.600283 0.857794
vt 0.605162 0.889045
vt 0.600279 0.889044
vt 0.273438 0.725617
vt 0.267578 0.725617
vt 0.267578 0.720734
vt 0.273438 0.720734
vt 0.724120 0.281250
vt 0.729003 0.281250
vt 0.731445 0.296875
vt 0.721680 0.296875
vt 0.217187 0.729430
vt 0.209375 0.729430
vt 0.582346 0.755899
vt 0.580375 0.749299
vt 0.590115 0.750000
vt 0.039844 0.875000
vt 0.039453 0.873438
vt 0.375195 0.234375
vt 0.375195 0.328125
vt 0.054297 0.389062
vt 0.053906 0.390625
vt 0.267188 0.718750
vt 0.267188 0.478516
vt 0.267188 0.484375
vt 0.267188 0.490234
vt 0.267188 0.496094
vt 0.267188 0.501953
vt 0.267188 0.507812
vt 0.267188 0.513672
vt 0.267188 0.519531
vt 0.267188 0.525391
vt 0.267188 0.531250
vt 0.267188 0.537109
vt 0.267188 0.542969
vt 0.267578 0.842805
vt 0.273438 0.842805
vt 0.724122 0.265625
vt 0.729005 0.265625
vt 0.731445 0.281250
vt 0.721680 0.281250
vt 0.727829 0.834013
vt 0.720060 0.828114
vt 0.729800 0.827411
vt 0.267578 0.823273
vt 0.273438 0.823273
vt 0.255372 0.250000
vt 0.260255 0.250000
vt 0.262695 0.265625
vt 0.252930 0.265625
vt 0.707384 0.834011
vt 0.699614 0.828113
vt 0.709355 0.827410
vt 0.267578 0.803742
vt 0.273438 0.803742
vt 0.270997 0.250000
vt 0.275880 0.250000
vt 0.278320 0.265625
vt 0.268555 0.265625
vt 0.686937 0.834011
vt 0.679169 0.828111
vt 0.688909 0.827410
vt 0.267578 0.784211
vt 0.273438 0.784211
vt 0.739747 0.656250
vt 0.744630 0.656250
vt 0.747070 0.671875
vt 0.737305 0.671875
vt 0.666492 0.834010
vt 0.658724 0.828110
vt 0.668464 0.827409
vt 0.267578 0.764680
vt 0.273438 0.764680
vt 0.739747 0.640625
vt 0.744630 0.640625
vt 0.747070 0.656250
vt 0.737305 0.656250
vt 0.646045 0.834008
vt 0.638278 0.828108
vt 0.648019 0.827407
vt 0.267578 0.745148
vt 0.273438 0.745148
vt 0.739747 0.625000
vt 0.744630 0.625000
vt 0.747070 0.640625
vt 0.737305 0.640625
vt 0.625598 0.834005
vt 0.617830 0.828107
vt 0.627570 0.827404
vt 0.739747 0.609375
vt 0.744630 0.609375
vt 0.747070 0.625000
vt 0.737305 0.625000
vt 0.267188 0.717836
vt 0.275000 0.717836
vt 0.597380 0.890607
vt 0.597384 0.859357
vt 0.605153 0.834005
vt 0.597384 0.828107
vt 0.607125 0.827404
vt 0.394922 0.218750
vt 0.400781 0.218750
vt 0.402344 0.234375
vt 0.394531 0.234375
vt 0.771973 0.343750
vt 0.774903 0.343750
vt 0.776367 0.359375
vt 0.770508 0.359375
vt 0.771094 0.593750
vt 0.776953 0.593750
vt 0.777344 0.609375
vt 0.769531 0.609375
vt 0.708008 0.235745
vt 0.713867 0.235745
vt 0.747858 0.357812
vt 0.747858 0.334375
vt 0.750000 0.328125
vt 0.750000 0.359375
vt 0.767766 0.771875
vt 0.767766 0.795313
vt 0.765625 0.796875
vt 0.765625 0.765625
vt 0.747858 0.389062
vt 0.750000 0.390625
vt 0.767766 0.826563
vt 0.765625 0.828125
vt 0.769922 0.578125
vt 0.775781 0.578125
vt 0.777344 0.593750
vt 0.769531 0.593750
vt 0.662598 0.218750
vt 0.665528 0.218750
vt 0.666992 0.234375
vt 0.661133 0.234375
vt 0.771094 0.562500
vt 0.776953 0.562500
vt 0.777344 0.578125
vt 0.769531 0.578125
vt 0.747858 0.295312
vt 0.747858 0.264062
vt 0.750000 0.265625
vt 0.750000 0.296875
vt 0.720892 0.232812
vt 0.720892 0.264062
vt 0.718750 0.265625
vt 0.718750 0.234375
vt 0.114258 0.220120
vt 0.120117 0.220120
vt 0.747858 0.240625
vt 0.750000 0.234375
vt 0.720892 0.209375
vt 0.718750 0.203125
vt 0.769922 0.546875
vt 0.775781 0.546875
vt 0.777344 0.562500
vt 0.769531 0.562500
vt 0.771973 0.328125
vt 0.774903 0.328125
vt 0.776367 0.343750
vt 0.770508 0.343750
vt 0.771094 0.531250
vt 0.776953 0.531250
vt 0.777344 0.546875
vt 0.769531 0.546875
vt 0.263483 0.248437
vt 0.263483 0.217187
vt 0.265625 0.218750
vt 0.265625 0.250000
vt 0.767766 0.639063
vt 0.767766 0.670313
vt 0.676758 0.235745
vt 0.682617 0.235745
vt 0.263483 0.193750
vt 0.265625 0.187500
vt 0.767766 0.615625
vt 0.769922 0.468750
vt 0.775781 0.468750
vt 0.777344 0.484375
vt 0.769531 0.484375
vt 0.678223 0.218750
vt 0.681153 0.218750
vt 0.682617 0.234375
vt 0.676758 0.234375
vt 0.771094 0.453125
vt 0.776953 0.453125
vt 0.777344 0.468750
vt 0.769531 0.468750
vt 0.279108 0.248437
vt 0.279108 0.217187
vt 0.281250 0.218750
vt 0.281250 0.250000
vt 0.283392 0.217187
vt 0.283392 0.248437
vt 0.145508 0.220120
vt 0.151367 0.220120
vt 0.279108 0.193750
vt 0.281250 0.187500
vt 0.283392 0.193750
vt 0.551172 0.218750
vt 0.557031 0.218750
vt 0.558594 0.234375
vt 0.550781 0.234375
vt 0.771973 0.312500
vt 0.774903 0.312500
vt 0.776367 0.328125
vt 0.770508 0.328125
vt 0.771094 0.437500
vt 0.776953 0.437500
vt 0.777344 0.453125
vt 0.769531 0.453125
vt 0.310358 0.248437
vt 0.310358 0.217187
vt 0.312500 0.218750
vt 0.312500 0.250000
vt 0.470892 0.217187
vt 0.470892 0.248437
vt 0.067383 0.220120
vt 0.073242 0.220120
vt 0.310358 0.193750
vt 0.312500 0.187500
vt 0.470892 0.193750
vt 0.566797 0.218750
vt 0.572656 0.218750
vt 0.574219 0.234375
vt 0.566406 0.234375
vt 0.693848 0.218750
vt 0.696778 0.218750
vt 0.698242 0.234375
vt 0.692383 0.234375
vt 0.771094 0.421875
vt 0.776953 0.421875
vt 0.777344 0.437500
vt 0.769531 0.437500
vt 0.325983 0.248437
vt 0.325983 0.217187
vt 0.328125 0.218750
vt 0.328125 0.250000
vt 0.752142 0.435937
vt 0.752142 0.467187
vt 0.750000 0.468750
vt 0.750000 0.437500
vt 0.243653 0.226562
vt 0.239258 0.220120
vt 0.245117 0.220120
vt 0.325983 0.193750
vt 0.328125 0.187500
vt 0.752142 0.412500
vt 0.750000 0.406250
vt 0.582422 0.218750
vt 0.588281 0.218750
vt 0.589844 0.234375
vt 0.582031 0.234375
vt 0.771973 0.296875
vt 0.774903 0.296875
vt 0.776367 0.312500
vt 0.770508 0.312500
vt 0.771094 0.406250
vt 0.776953 0.406250
vt 0.777344 0.421875
vt 0.769531 0.421875
vt 0.372859 0.232812
vt 0.372859 0.201562
vt 0.375000 0.203125
vt 0.375000 0.234375
vt 0.752142 0.373437
vt 0.752142 0.404687
vt 0.750000 0.375000
vt 0.176758 0.220120
vt 0.182617 0.220120
vt 0.372859 0.178125
vt 0.375000 0.171875
vt 0.752142 0.350000
vt 0.750000 0.343750
vt 0.270163 0.629514
vt 0.254538 0.629514
vt 0.254538 0.627952
vt 0.270163 0.627952
vt 0.104834 0.643577
vt 0.104834 0.645139
vt 0.089209 0.645139
vt 0.089209 0.643577
vt 0.453125 0.270312
vt 0.451172 0.281250
vt 0.451172 0.268750
vt 0.453125 0.268750
vt 0.270163 0.627969
vt 0.276712 0.627969
vt 0.270746 0.640608
vt 0.270163 0.640625
vt 0.254538 0.640625
vt 0.437500 0.268750
vt 0.439453 0.268750
vt 0.439453 0.281250
vt 0.437500 0.270312
vt 0.104834 0.656250
vt 0.089209 0.656250
vt 0.088552 0.656230
vt 0.082666 0.643555
vt 0.089209 0.643598
vt 0.015625 0.859375
vt 0.015625 0.843750
vt 0.031250 0.843750
vt 0.031250 0.859375
vt 0.265625 0.656250
vt 0.265625 0.671875
vt 0.250000 0.671875
vt 0.250000 0.656250
vt 0.250000 0.921875
vt 0.250000 0.937500
vt 0.234375 0.937500
vt 0.234375 0.921875
vt 0.031250 0.987592
vt 0.015625 0.987592
vt 0.015625 0.973530
vt 0.031250 0.973530
vt 0.265625 0.676655
vt 0.265625 0.690717
vt 0.250000 0.690717
vt 0.250000 0.676655
vt 0.359375 0.984375
vt 0.375000 0.984375
vt 0.589844 0.343750
vt 0.595703 0.343750
vt 0.595703 0.359375
vt 0.589844 0.359375
vt 0.238281 0.287500
vt 0.244141 0.287500
vt 0.244141 0.303125
vt 0.238281 0.312500
vt 0.441406 0.312500
vt 0.435547 0.303125
vt 0.435547 0.287500
vt 0.441406 0.287500
vt 0.261719 0.312500
vt 0.255859 0.303125
vt 0.255859 0.287500
vt 0.261719 0.287500
vt 0.613281 0.359375
vt 0.607422 0.359375
vt 0.607422 0.343750
vt 0.613281 0.343750
vt 0.417969 0.287500
vt 0.423828 0.287500
vt 0.423828 0.303125
vt 0.417969 0.312500
vt 0.031250 0.640625
vt 0.031250 0.625000
vt 0.046875 0.625000
vt 0.046875 0.640625
vt 0.267578 0.287500
vt 0.267578 0.312500
vt 0.619141 0.343750
vt 0.619141 0.359375
vt 0.412109 0.312500
vt 0.412109 0.287500
vt 0.250000 0.640625
vt 0.265625 0.640625
vt 0.232422 0.312500
vt 0.232422 0.287500
vt 0.375000 1.000000
vt 0.359375 1.000000
vt 0.447266 0.287500
vt 0.447266 0.312500
vt 0.583984 0.359375
vt 0.583984 0.343750
vt 0.250000 0.287500
vt 0.250000 0.303125
vt 0.726562 0.437500
vt 0.732422 0.437500
vt 0.732422 0.453125
vt 0.726562 0.453125
vt 0.429688 0.303125
vt 0.429688 0.287500
vt 0.601562 0.343750
vt 0.601562 0.359375
vt 0.273438 0.301562
vt 0.273438 0.287500
vt 0.625000 0.343750
vt 0.406250 0.287500
vt 0.406250 0.301562
vt 0.031250 1.000000
vt 0.015625 1.000000
vt 0.720703 0.453125
vt 0.720703 0.437500
vt 0.226562 0.287500
vt 0.226562 0.301562
vt 0.265625 0.703125
vt 0.250000 0.703125
vt 0.453125 0.301562
vt 0.453125 0.287500
vt 0.578125 0.343750
vt 0.578125 0.359375
s 1
usemtl none
f 79/185/41 80/186/41 81/187/41 82/188/41
f 83/189/42 84/190/42 85/191/42 86/192/42
f 79/193/43 87/194/43 88/195/43 80/196/43
f 89/197/44 90/198/44 91/199/44 92/200/44
f 93/201/45 94/202/45 95/203/45 96/204/45
f 97/205/46 98/206/46 99/207/46 100/208/46
f 86/209/43 85/210/43 101/211/43 102/212/43
f 103/213/46 104/214/46 105/215/46 106/216/46
f 107/217/44 108/218/44 109/219/44 110/220/44
f 111/221/45 112/222/45 113/223/45 114/224/45
f 121/233/44 122/234/44 123/235/44 124/236/44
f 125/237/44 126/238/44 127/239/44 128/240/44
f 129/241/42 130/242/42 131/243/42 132/244/42
f 132/245/43 133/246/43 134/247/43 129/248/43
f 135/249/43 136/250/43 137/251/43 138/252/43
f 135/253/41 138/254/41 139/255/41 140/256/41
f 141/257/44 142/258/44 143/259/44 144/260/44
f 145/261/44 146/262/44 147/263/44 148/264/44
f 149/265/42 150/266/42 151/267/42 152/268/42
f 152/269/43 151/270/43 153/271/43 154/272/43
f 124/273/41 155/274/41 156/275/41 121/276/41
f 82/188/41 81/187/41 89/277/41 92/278/41
f 96/204/45 95/203/45 157/279/45 158/280/45
f 159/281/45 160/282/45 112/222/45 111/221/45
f 110/283/42 109/284/42 84/190/42 83/189/42
f 128/285/42 131/243/42 130/242/42 125/286/42
f 148/287/42 147/288/42 150/266/42 149/265/42
f 106/216/46 105/215/46 161/289/46 162/290/46
f 163/291/46 164/292/46 98/206/46 97/205/46
f 140/293/41 139/294/41 141/295/41 144/296/41
f 119/297/46 118/298/46 165/299/46 156/300/46
f 115/305/45 120/306/45 155/307/45 166/308/45
f 166/308/45 167/309/45 116/310/45 115/305/45
f 168/311/47 169/312/47 170/313/47 171/314/47
f 118/298/46 117/315/46 172/316/46 165/299/46
f 173/317/43 174/318/43 175/319/43 176/320/43
f 173/321/42 176/322/42 177/323/42 178/324/42
f 178/324/42 177/323/42 179/325/42 180/326/42
f 181/327/44 182/328/44 183/329/44 184/330/44
f 185/331/44 186/332/44 187/333/44 188/334/44
f 189/335/41 190/336/41 191/337/41 192/338/41
f 192/338/41 191/337/41 193/339/41 194/340/41
f 193/341/43 195/342/43 196/343/43 194/344/43
f 197/345/43 198/346/43 199/347/43 200/348/43
f 201/349/42 202/350/42 197/351/42 200/352/42
f 203/353/42 204/354/42 202/350/42 201/349/42
f 203/355/44 205/356/44 206/357/44 204/358/44
f 207/359/44 208/360/44 209/361/44 210/362/44
f 211/363/41 212/364/41 207/365/41 210/366/41
f 213/367/41 214/368/41 212/364/41 211/363/41
f 213/369/43 215/370/43 216/371/43 214/372/43
f 114/373/43 113/374/43 217/375/43 218/376/43
f 114/377/42 218/378/42 219/379/42 111/380/42
f 111/380/42 219/379/42 220/381/42 159/382/42
f 220/383/44 221/384/44 160/385/44 159/386/44
f 158/387/44 157/388/44 222/389/44 223/390/44
f 158/391/41 223/392/41 224/393/41 96/394/41
f 96/394/41 224/393/41 225/395/41 93/396/41
f 225/397/43 226/398/43 94/399/43 93/400/43
f 227/401/42 228/402/42 229/403/42 230/404/42
f 227/405/43 231/406/43 232/407/43 228/408/43
f 233/406/43 234/405/43 235/409/43 236/410/43
f 237/411/41 238/412/41 233/413/41 236/414/41
f 239/415/41 240/416/41 238/412/41 237/411/41
f 210/362/44 209/361/44 241/417/44 242/418/44
f 243/419/44 244/420/44 205/356/44 203/355/44
f 230/404/42 229/403/42 245/421/42 246/422/42
f 247/423/42 248/424/42 249/425/42 250/426/42
f 249/427/43 251/428/43 252/429/43 250/430/43
f 253/431/43 254/432/43 255/433/43 256/434/43
f 253/435/41 256/436/41 257/437/41 258/438/41
f 258/438/41 257/437/41 259/439/41 260/440/41
f 259/441/44 261/442/44 262/443/44 260/444/44
f 263/445/44 264/446/44 265/447/44 266/448/44
f 263/449/42 266/450/42 248/424/42 247/423/42
f 267/451/43 268/452/43 269/453/43 270/454/43
f 271/455/42 272/456/42 267/457/42 270/458/42
f 184/459/42 273/460/42 272/456/42 271/455/42
f 184/330/44 183/329/44 274/461/44 273/462/44
f 275/463/44 276/464/44 186/332/44 185/331/44
f 277/465/41 278/466/41 275/467/41 185/468/41
f 279/460/41 280/459/41 278/466/41 277/465/41
f 279/410/43 281/409/43 282/469/43 280/470/43
f 283/471/43 284/472/43 285/434/43 286/433/43
f 287/472/43 288/471/43 289/314/43 290/473/43
f 291/474/41 292/475/41 287/476/41 290/477/41
f 293/478/41 294/479/41 292/475/41 291/474/41
f 260/444/44 262/443/44 295/480/44 296/481/44
f 297/482/44 298/483/44 264/446/44 263/445/44
f 299/484/42 300/485/42 301/486/42 302/487/42
f 283/488/42 286/489/42 300/485/42 299/484/42
f 303/490/42 304/491/42 305/492/42 306/493/42
f 305/494/43 307/495/43 308/496/43 306/497/43
f 309/498/43 310/499/43 311/500/43 312/501/43
f 309/502/41 312/503/41 313/504/41 314/505/41
f 314/505/41 313/504/41 242/506/41 315/507/41
f 242/418/44 241/417/44 316/508/44 315/509/44
f 317/510/44 318/511/44 244/420/44 243/419/44
f 317/512/42 243/513/42 304/491/42 303/490/42
f 218/378/42 197/351/42 202/350/42 219/379/42
f 219/379/42 202/350/42 204/354/42 220/381/42
f 204/358/44 206/357/44 221/384/44 220/383/44
f 223/390/44 222/389/44 208/360/44 207/359/44
f 223/392/41 207/365/41 212/364/41 224/393/41
f 224/393/41 212/364/41 214/368/41 225/395/41
f 214/372/43 216/371/43 226/398/43 225/397/43
f 218/376/43 217/375/43 198/346/43 197/345/43
f 319/514/42 320/515/42 321/516/42 322/517/42
f 322/517/42 321/516/42 323/518/42 324/519/42
f 273/462/44 274/461/44 318/511/44 317/510/44
f 315/509/44 316/508/44 276/464/44 275/463/44
f 325/520/41 326/521/41 327/522/41 328/523/41
f 328/523/41 327/522/41 329/524/41 330/525/41
f 329/501/43 331/500/43 332/526/43 330/527/43
f 319/498/43 333/528/43 334/529/43 320/530/43
f 335/531/42 336/532/42 337/533/42 338/534/42
f 337/535/43 339/536/43 340/537/43 338/538/43
f 341/539/43 342/540/43 343/541/43 344/542/43
f 341/543/41 344/544/41 345/545/41 346/546/41
f 346/546/41 345/545/41 188/547/41 347/548/41
f 188/334/44 187/333/44 348/549/44 347/550/44
f 349/551/44 350/552/44 182/328/44 181/327/44
f 349/553/42 181/554/42 336/532/42 335/531/42
f 351/555/42 352/556/42 353/557/42 354/558/42
f 354/558/42 353/557/42 355/559/42 356/560/42
f 266/448/44 265/447/44 350/552/44 349/551/44
f 347/550/44 348/549/44 261/442/44 259/441/44
f 357/561/41 358/562/41 359/563/41 360/564/41
f 360/564/41 359/563/41 361/565/41 362/566/41
f 361/542/43 363/541/43 364/567/43 362/568/43
f 351/569/43 365/570/43 366/571/43 352/572/43
f 367/573/42 368/574/42 369/575/42 370/576/42
f 369/577/43 371/578/43 372/579/43 370/580/43
f 373/581/43 374/582/43 375/583/43 376/584/43
f 373/585/41 376/586/41 377/587/41 378/588/41
f 378/588/41 377/587/41 296/589/41 379/590/41
f 296/481/44 295/480/44 380/591/44 379/592/44
f 381/593/44 382/594/44 298/483/44 297/482/44
f 381/595/42 297/596/42 368/574/42 367/573/42
f 383/597/43 307/495/43 199/347/43 384/598/43
f 384/598/43 199/347/43 198/346/43 385/599/43
f 385/599/43 198/346/43 217/375/43 386/600/43
f 386/600/43 217/375/43 113/374/43 387/601/43
f 387/602/45 113/223/45 112/222/45 388/603/45
f 388/603/45 112/222/45 160/282/45 389/604/45
f 389/605/44 160/385/44 221/384/44 390/606/44
f 390/606/44 221/384/44 206/357/44 391/607/44
f 391/607/44 206/357/44 205/356/44 392/608/44
f 392/608/44 205/356/44 244/420/44 393/609/44
f 393/609/44 244/420/44 318/511/44 394/610/44
f 394/610/44 318/511/44 274/461/44 395/611/44
f 395/611/44 274/461/44 183/329/44 396/612/44
f 396/612/44 183/329/44 182/328/44 397/613/44
f 397/613/44 182/328/44 350/552/44 398/614/44
f 398/614/44 350/552/44 265/447/44 399/615/44
f 399/615/44 265/447/44 264/446/44 400/616/44
f 400/616/44 264/446/44 298/483/44 401/617/44
f 401/617/44 298/483/44 382/594/44 402/618/44
f 403/619/44 404/620/44 108/218/44 107/217/44
f 405/621/44 127/239/44 126/238/44 406/622/44
f 407/623/44 408/624/44 146/262/44 145/261/44
f 409/625/46 161/289/46 105/215/46 410/626/46
f 410/626/46 105/215/46 104/214/46 411/627/46
f 154/272/43 153/271/43 412/628/43 413/629/43
f 170/630/43 134/247/43 133/246/43 171/631/43
f 102/212/43 101/211/43 414/632/43 415/633/43
f 416/634/43 372/579/43 371/578/43 417/635/43
f 417/635/43 371/578/43 252/429/43 418/636/43
f 418/636/43 252/429/43 251/428/43 419/637/43
f 419/637/43 251/428/43 340/537/43 420/638/43
f 420/638/43 340/537/43 339/536/43 421/639/43
f 421/639/43 339/536/43 269/453/43 422/640/43
f 422/640/43 269/453/43 268/452/43 423/641/43
f 423/641/43 268/452/43 308/496/43 424/642/43
f 424/642/43 308/496/43 307/495/43 383/597/43
f 229/643/48 228/644/48 305/645/48 304/646/48
f 227/647/49 230/648/49 201/649/49 200/650/49
f 231/651/50 227/652/50 200/653/50 199/654/50
f 232/655/51 231/656/51 199/596/51 307/595/51
f 228/657/52 232/658/52 307/659/52 305/660/52
f 245/661/48 229/643/48 304/646/48 243/662/48
f 246/422/51 245/421/51 243/663/51 203/664/51
f 230/648/49 246/665/49 203/666/49 201/649/49
f 333/667/53 319/668/53 306/669/53 308/670/53
f 334/671/51 333/672/51 308/673/51 268/674/51
f 320/675/54 334/676/54 268/677/54 267/678/54
f 321/679/48 320/680/48 267/681/48 272/682/48
f 319/683/55 322/684/55 303/685/55 306/686/55
f 323/687/48 321/679/48 272/682/48 273/688/48
f 324/519/51 323/518/51 273/689/51 317/690/51
f 322/684/55 324/691/55 317/692/55 303/685/55
f 174/693/53 173/694/53 270/695/53 269/696/53
f 175/697/51 174/698/51 269/590/51 339/589/51
f 176/699/52 175/700/52 339/701/52 337/702/52
f 177/703/56 176/704/56 337/705/56 336/706/56
f 173/707/55 178/708/55 271/709/55 270/710/55
f 179/711/56 177/703/56 336/706/56 181/712/56
f 180/326/51 179/325/51 181/713/51 184/714/51
f 178/708/55 180/715/55 184/716/55 271/709/55
f 365/717/50 351/718/50 338/719/50 340/720/50
f 366/721/51 365/722/51 340/723/51 251/724/51
f 352/725/54 366/726/54 251/727/54 249/728/54
f 353/729/48 352/730/48 249/731/48 248/732/48
f 351/733/55 354/734/55 335/735/55 338/736/55
f 355/737/48 353/729/48 248/732/48 266/738/48
f 356/560/51 355/559/51 266/739/51 349/740/51
f 354/734/55 356/741/55 349/742/55 335/735/55
f 284/743/50 283/744/50 250/745/50 252/746/50
f 285/747/51 284/748/51 252/749/51 371/750/51
f 286/751/54 285/752/54 371/753/54 369/754/54
f 300/755/48 286/756/48 369/736/48 368/735/48
f 283/757/55 299/758/55 247/759/55 250/760/55
f 301/761/48 300/755/48 368/735/48 297/742/48
f 302/487/51 301/486/51 297/762/51 263/763/51
f 299/758/55 302/764/55 263/765/55 247/759/55
f 131/243/42 83/189/42 86/192/42 132/244/42
f 132/245/43 86/209/43 102/212/43 133/246/43
f 133/246/43 102/212/43 415/633/43 171/631/43
f 165/766/43 172/767/43 87/194/43 79/193/43
f 165/768/41 79/185/41 82/188/41 156/275/41
f 156/275/41 82/188/41 92/278/41 121/276/41
f 92/200/44 91/199/44 122/234/44 121/233/44
f 405/621/44 403/619/44 107/217/44 127/239/44
f 127/239/44 107/217/44 110/220/44 128/240/44
f 128/285/42 110/283/42 83/189/42 131/243/42
f 425/769/42 426/770/42 427/771/42 428/772/42
f 428/772/42 427/771/42 429/773/42 430/774/42
f 431/775/44 432/776/44 433/777/44 434/778/44
f 434/778/44 433/777/44 435/779/44 436/780/44
f 437/781/44 438/782/44 439/783/44 440/784/44
f 441/785/41 442/786/41 443/787/41 444/788/41
f 444/788/41 443/787/41 445/789/41 446/790/41
f 445/791/43 447/792/43 448/793/43 446/794/43
f 449/795/43 450/796/43 451/797/43 452/798/43
f 453/799/43 454/794/43 426/793/43 425/800/43
f 455/801/42 456/802/42 457/803/42 458/804/42
f 431/750/42 459/749/42 456/802/42 455/801/42
f 434/778/44 460/805/44 459/806/44 431/775/44
f 436/780/44 461/807/44 460/805/44 434/778/44
f 462/808/44 463/809/44 438/782/44 437/781/44
f 464/810/41 465/811/41 462/812/41 437/813/41
f 466/814/41 467/815/41 465/811/41 464/810/41
f 466/816/43 468/817/43 469/818/43 467/819/43
f 452/798/43 470/820/43 471/821/43 449/795/43
f 458/822/43 457/823/43 470/820/43 452/798/43
f 472/824/42 473/825/42 474/826/42 475/827/42
f 475/827/42 474/826/42 476/828/42 477/829/42
f 381/593/44 459/806/44 460/805/44 382/594/44
f 382/594/44 460/805/44 461/807/44 402/618/44
f 379/592/44 380/591/44 463/809/44 462/808/44
f 478/830/41 479/831/41 480/832/41 481/833/41
f 481/833/41 480/832/41 482/834/41 483/835/41
f 482/836/43 484/837/43 485/838/43 483/839/43
f 416/634/43 471/821/43 470/820/43 372/579/43
f 486/840/43 487/841/43 473/836/43 472/839/43
f 84/190/42 488/842/42 489/843/42 85/191/42
f 85/210/43 489/844/43 451/797/43 101/211/43
f 101/211/43 451/797/43 450/796/43 414/632/43
f 80/196/43 88/195/43 490/845/43 491/846/43
f 80/186/41 491/847/41 492/848/41 81/187/41
f 81/187/41 492/848/41 440/849/41 89/277/41
f 440/784/44 439/783/44 90/198/44 89/197/44
f 404/620/44 435/779/44 433/777/44 108/218/44
f 108/218/44 433/777/44 432/776/44 109/219/44
f 109/284/42 432/850/42 488/842/42 84/190/42
f 474/851/48 473/852/48 457/853/48 456/854/48
f 472/855/55 475/856/55 367/857/55 370/858/55
f 487/859/51 486/860/51 372/861/51 470/862/51
f 473/863/52 487/864/52 470/865/52 457/866/52
f 486/867/53 472/868/53 370/869/53 372/870/53
f 476/871/48 474/851/48 456/854/48 459/872/48
f 477/829/51 476/828/51 459/873/51 381/874/51
f 475/856/55 477/875/55 381/232/55 367/857/55
f 427/876/48 426/877/48 489/878/48 488/879/48
f 425/880/55 428/881/55 455/882/55 458/883/55
f 454/884/51 453/885/51 452/813/51 451/812/51
f 426/886/52 454/887/52 451/888/52 489/889/52
f 453/890/53 425/891/53 458/892/53 452/893/53
f 429/894/48 427/876/48 488/879/48 432/895/48
f 430/774/51 429/773/51 432/896/51 431/897/51
f 428/881/55 430/898/55 431/899/55 455/882/55
f 493/900/43 494/901/43 495/902/43 496/903/43
f 497/904/43 498/905/43 499/906/43 500/907/43
f 501/908/41 502/909/41 497/910/41 500/911/41
f 503/912/41 504/913/41 502/914/41 501/915/41
f 505/916/44 506/917/44 507/918/44 508/919/44
f 509/920/44 510/921/44 511/922/44 512/923/44
f 513/924/44 514/925/44 510/921/44 509/920/44
f 515/926/42 516/927/42 517/928/42 518/929/42
f 519/930/42 520/931/42 516/927/42 515/926/42
f 521/932/43 522/933/43 520/934/43 519/935/43
f 523/936/43 524/937/43 525/938/43 526/939/43
f 527/940/43 528/941/43 529/942/43 530/943/43
f 527/944/41 530/945/41 531/946/41 532/947/41
f 532/948/41 531/949/41 533/950/41 534/951/41
f 533/952/44 535/953/44 536/954/44 534/955/44
f 537/956/44 538/957/44 539/958/44 540/959/44
f 540/959/44 539/958/44 541/960/44 542/961/44
f 542/962/42 541/963/42 543/964/42 544/965/42
f 544/965/42 543/964/42 545/966/42 546/967/42
f 546/968/43 545/969/43 524/937/43 523/936/43
f 547/970/43 548/971/43 549/972/43 550/973/43
f 551/974/43 552/975/43 553/976/43 554/977/43
f 554/978/42 553/979/42 555/980/42 556/981/42
f 556/981/42 555/980/42 557/982/42 558/983/42
f 559/984/44 560/985/44 561/986/44 562/987/44
f 562/987/44 561/986/44 563/988/44 564/989/44
f 565/990/44 566/991/44 567/992/44 568/993/44
f 569/994/41 570/995/41 571/996/41 572/997/41
f 572/998/41 571/999/41 573/1000/41 574/1001/41
f 573/1002/43 575/1003/43 576/1004/43 574/1005/43
f 104/1006/43 523/936/43 526/939/43 411/1007/43
f 100/1008/43 99/1009/43 528/941/43 527/940/43
f 100/1010/41 527/944/41 532/947/41 97/1011/41
f 97/1012/41 532/948/41 534/951/41 163/1013/41
f 534/955/44 536/954/44 164/1014/44 163/1015/44
f 409/1016/44 537/956/44 540/959/44 161/1017/44
f 161/1017/44 540/959/44 542/961/44 162/1018/44
f 162/1019/42 542/962/42 544/965/42 106/1020/42
f 106/1020/42 544/965/42 546/967/42 103/1021/42
f 103/1022/43 546/968/43 523/936/43 104/1006/43
f 496/903/43 577/1023/43 578/1024/43 493/900/43
f 579/1025/43 580/1026/43 577/1023/43 496/903/43
f 581/1027/42 582/1028/42 580/1029/42 579/1030/42
f 513/1031/42 583/1032/42 582/1028/42 581/1027/42
f 509/920/44 584/1033/44 583/1034/44 513/924/44
f 512/923/44 585/1035/44 584/1033/44 509/920/44
f 586/1036/44 587/1037/44 506/917/44 505/916/44
f 588/1038/41 589/1039/41 586/1040/41 505/1041/41
f 590/1042/41 591/1043/41 589/1044/41 588/1045/41
f 590/1046/43 592/1047/43 593/1048/43 591/1049/43
f 413/629/43 594/1050/43 595/1051/43 154/272/43
f 596/1052/43 597/1053/43 598/1054/43 599/1055/43
f 600/1056/41 601/1057/41 596/1058/41 599/1059/41
f 602/1060/41 603/1061/41 601/1062/41 600/1063/41
f 144/260/44 143/259/44 604/1064/44 605/1065/44
f 145/261/44 606/1066/44 607/1067/44 407/623/44
f 148/264/44 608/1068/44 606/1066/44 145/261/44
f 609/1069/42 610/1070/42 611/1071/42 612/1072/42
f 613/1073/42 614/1074/42 610/1070/42 609/1069/42
f 615/1075/43 616/1076/43 614/1077/43 613/1078/43
f 550/973/43 617/1079/43 618/1080/43 547/970/43
f 619/1081/43 620/1082/43 617/1079/43 550/973/43
f 621/1083/42 622/1084/42 620/1085/42 619/1086/42
f 559/1087/42 623/1088/42 622/1084/42 621/1083/42
f 562/987/44 624/1089/44 623/1090/44 559/984/44
f 564/989/44 625/1091/44 624/1089/44 562/987/44
f 626/1092/44 627/1093/44 566/991/44 565/990/44
f 628/1094/41 629/1095/41 626/1096/41 565/1097/41
f 630/1098/41 631/1099/41 629/1100/41 628/1101/41
f 630/1102/43 632/1103/43 633/1104/43 631/1105/43
f 634/1106/43 525/938/43 524/937/43 635/1107/43
f 636/1108/43 637/1109/43 638/1110/43 639/1111/43
f 639/1112/42 638/1113/42 640/1114/42 641/1115/42
f 641/1115/42 640/1114/42 642/1116/42 643/1117/42
f 644/1118/44 541/960/44 539/958/44 645/1119/44
f 645/1119/44 539/958/44 538/957/44 646/1120/44
f 647/1121/44 648/1122/44 535/953/44 533/952/44
f 649/1123/41 650/1124/41 651/1125/41 652/1126/41
f 652/1127/41 651/1128/41 653/1129/41 654/1130/41
f 653/1131/43 655/1132/43 656/1133/43 654/1134/43
f 635/1107/43 495/902/43 494/901/43 634/1106/43
f 657/1135/43 658/1136/43 659/1137/43 660/1138/43
f 657/1139/41 660/1140/41 661/1141/41 662/1142/41
f 662/1143/41 661/1144/41 508/1145/41 647/1146/41
f 508/919/44 507/918/44 648/1122/44 647/1121/44
f 646/1120/44 511/922/44 510/921/44 645/1119/44
f 645/1119/44 510/921/44 514/925/44 644/1118/44
f 644/1147/42 514/1148/42 663/1149/42 664/1150/42
f 664/1150/42 663/1149/42 665/1151/42 666/1152/42
f 666/1153/43 665/1154/43 495/902/43 635/1107/43
f 667/1155/43 578/1024/43 577/1023/43 668/1156/43
f 669/1157/43 670/1158/43 671/1159/43 672/1160/43
f 672/1161/42 671/1162/42 673/1163/42 674/1164/42
f 674/1164/42 673/1163/42 675/1165/42 676/1166/42
f 677/1167/44 583/1034/44 584/1033/44 678/1168/44
f 678/1168/44 584/1033/44 585/1035/44 679/1169/44
f 680/1170/44 681/1171/44 587/1037/44 586/1036/44
f 682/1172/41 683/1173/41 684/1174/41 685/1175/41
f 685/1176/41 684/1177/41 686/1178/41 687/1179/41
f 686/1180/43 688/1181/43 689/1182/43 687/1183/43
f 668/1156/43 595/1051/43 594/1050/43 667/1155/43
f 690/1184/43 691/1185/43 692/1186/43 693/1187/43
f 690/1188/41 693/1189/41 694/1190/41 695/1191/41
f 695/1192/41 694/1193/41 605/1194/41 680/1195/41
f 605/1065/44 604/1064/44 681/1171/44 680/1170/44
f 679/1169/44 607/1067/44 606/1066/44 678/1168/44
f 678/1168/44 606/1066/44 608/1068/44 677/1167/44
f 677/1196/42 608/1197/42 696/1198/42 697/1199/42
f 697/1199/42 696/1198/42 698/1200/42 699/1201/42
f 699/1202/43 698/1203/43 595/1051/43 668/1156/43
f 700/1204/43 412/628/43 153/271/43 701/1205/43
f 702/1206/43 703/1207/43 704/1208/43 705/1209/43
f 705/1210/42 704/1211/42 706/1212/42 707/1213/42
f 707/1213/42 706/1212/42 708/1214/42 709/1215/42
f 710/1216/44 147/263/44 146/262/44 711/1217/44
f 711/1217/44 146/262/44 408/624/44 712/1218/44
f 713/1219/44 714/1220/44 142/258/44 141/257/44
f 715/1221/41 716/1222/41 717/1223/41 718/1224/41
f 718/1225/41 717/1226/41 719/1227/41 720/1228/41
f 719/1229/43 721/1230/43 722/1231/43 720/1232/43
f 701/1205/43 549/972/43 548/971/43 700/1204/43
f 723/1233/43 724/1234/43 725/1235/43 726/1236/43
f 723/1237/41 726/1238/41 727/1239/41 728/1240/41
f 728/1241/41 727/1242/41 568/1243/41 713/1244/41
f 568/993/44 567/992/44 714/1220/44 713/1219/44
f 712/1218/44 563/988/44 561/986/44 711/1217/44
f 711/1217/44 561/986/44 560/985/44 710/1216/44
f 710/1245/42 560/1246/42 729/1247/42 730/1248/42
f 730/1248/42 729/1247/42 731/1249/42 732/1250/42
f 732/1251/43 731/1252/43 549/972/43 701/1205/43
f 640/1114/57 638/1113/57 545/966/57 543/964/57
f 639/1112/58 641/1115/58 664/1150/58 666/1152/58
f 637/1253/51 636/1254/51 635/1255/51 524/1256/51
f 638/1110/59 637/1109/59 524/1257/59 545/1258/59
f 636/1108/60 639/1111/60 666/1153/60 635/1107/60
f 642/1116/57 640/1114/57 543/964/57 541/963/57
f 643/1117/51 642/1259/51 541/1260/51 644/1261/51
f 641/1115/58 643/1117/58 644/1147/58 664/1150/58
f 522/1262/51 521/1263/51 496/1264/51 495/1265/51
f 520/934/59 522/933/59 495/1266/59 665/1267/59
f 521/932/60 519/935/60 579/1025/60 496/903/60
f 516/927/57 520/931/57 665/1151/57 663/1149/57
f 519/930/61 515/926/61 581/1027/61 579/1030/61
f 517/928/57 516/927/57 663/1149/57 514/1148/57
f 518/929/51 517/1268/51 514/1269/51 513/1270/51
f 515/926/61 518/929/61 513/1031/61 581/1027/61
f 670/1271/51 669/1272/51 668/1273/51 577/1274/51
f 671/1159/59 670/1158/59 577/1275/59 580/1276/59
f 669/1157/60 672/1160/60 699/1202/60 668/1156/60
f 673/1163/62 671/1162/57 580/1029/57 582/1028/57
f 672/1161/61 674/1164/61 697/1199/61 699/1201/61
f 675/1165/62 673/1163/62 582/1028/57 583/1032/62
f 676/1166/51 675/1277/51 583/1278/51 677/1279/51
f 674/1164/61 676/1166/61 677/1196/61 697/1199/61
f 610/1070/57 614/1074/57 698/1200/57 696/1198/57
f 613/1073/61 609/1069/61 149/265/61 152/268/61
f 611/1071/57 610/1070/57 696/1198/57 608/1197/57
f 612/1072/51 611/1280/51 608/1281/51 148/1282/51
f 609/1069/61 612/1072/61 148/287/61 149/265/61
f 616/1283/51 615/1284/51 154/1285/51 595/1286/51
f 614/1077/59 616/1076/59 595/1287/59 698/1288/59
f 615/1075/60 613/1078/60 152/269/60 154/272/60
f 703/1289/51 702/1290/51 701/1291/51 153/1292/51
f 704/1208/59 703/1207/59 153/1293/59 151/1294/59
f 702/1206/60 705/1209/60 732/1251/60 701/1205/60
f 706/1212/57 704/1211/57 151/267/57 150/266/57
f 705/1210/58 707/1213/58 730/1248/58 732/1250/58
f 708/1214/57 706/1212/57 150/266/57 147/288/57
f 709/1215/51 708/1295/51 147/1296/51 710/1297/51
f 707/1213/58 709/1215/58 710/1245/58 730/1248/58
f 552/1298/51 551/1299/51 550/1300/51 549/1301/51
f 553/976/59 552/975/59 549/1302/59 731/1303/59
f 551/974/60 554/977/60 619/1081/60 550/973/60
f 555/980/57 553/979/57 731/1249/57 729/1247/57
f 554/978/58 556/981/61 621/1083/61 619/1086/58
f 557/982/57 555/980/57 729/1247/57 560/1246/57
f 558/983/51 557/1304/51 560/1305/51 559/1306/51
f 556/981/61 558/983/61 559/1087/61 621/1083/61
f 733/1307/43 734/1308/43 735/1309/43 736/1310/43
f 736/1311/42 735/1312/42 737/1313/42 738/1314/42
f 738/1314/42 737/1313/42 739/1315/42 740/1316/42
f 125/237/44 623/1090/44 624/1089/44 126/238/44
f 126/238/44 624/1089/44 625/1091/44 406/622/44
f 124/236/44 123/235/44 627/1093/44 626/1092/44
f 741/1317/41 742/1318/41 743/1319/41 744/1320/41
f 744/1320/41 743/1319/41 745/1321/41 746/1322/41
f 745/1323/43 747/1324/43 748/1325/43 746/1326/43
f 170/630/43 618/1080/43 617/1079/43 134/247/43
f 734/1327/51 733/1328/51 134/1329/51 617/1330/51
f 735/1309/59 734/1308/59 617/1331/59 620/1332/59
f 733/1307/60 736/1310/60 129/248/60 134/247/60
f 739/1315/57 737/1313/62 622/1084/62 623/1088/57
f 740/1316/51 739/1333/51 623/1334/51 125/1335/51
f 738/1314/58 740/1316/58 125/286/58 130/242/58
f 737/1313/62 735/1312/62 620/1085/62 622/1084/62
f 736/1311/58 738/1314/58 130/242/58 129/241/58
f 414/632/43 88/195/43 87/194/43 415/633/43
f 415/633/43 87/194/43 172/767/43 171/631/43
f 171/1336/46 172/316/46 117/315/46 168/1337/46
f 169/1340/45 116/310/45 167/309/45 170/1341/45
f 170/630/43 167/1342/43 633/1104/43 618/1080/43
f 618/1080/43 633/1104/43 632/1103/43 547/970/43
f 547/970/43 632/1103/43 725/1235/43 548/971/43
f 548/971/43 725/1235/43 724/1234/43 700/1204/43
f 700/1204/43 724/1234/43 137/251/43 412/628/43
f 412/628/43 137/251/43 136/250/43 413/629/43
f 413/629/43 136/250/43 692/1186/43 594/1050/43
f 594/1050/43 692/1186/43 691/1185/43 667/1155/43
f 667/1155/43 691/1185/43 593/1048/43 578/1024/43
f 578/1024/43 593/1048/43 592/1047/43 493/900/43
f 493/900/43 592/1047/43 659/1137/43 494/901/43
f 494/901/43 659/1137/43 658/1136/43 634/1106/43
f 634/1106/43 658/1136/43 529/942/43 525/938/43
f 525/938/43 529/942/43 528/941/43 526/939/43
f 526/939/43 528/941/43 99/1009/43 411/1007/43
f 411/627/46 99/207/46 98/206/46 410/626/46
f 410/626/46 98/206/46 164/292/46 409/625/46
f 409/1016/44 164/1014/44 536/954/44 537/956/44
f 537/956/44 536/954/44 535/953/44 538/957/44
f 538/957/44 535/953/44 648/1122/44 646/1120/44
f 646/1120/44 648/1122/44 507/918/44 511/922/44
f 511/922/44 507/918/44 506/917/44 512/923/44
f 512/923/44 506/917/44 587/1037/44 585/1035/44
f 585/1035/44 587/1037/44 681/1171/44 679/1169/44
f 679/1169/44 681/1171/44 604/1064/44 607/1067/44
f 607/1067/44 604/1064/44 143/259/44 407/623/44
f 407/623/44 143/259/44 142/258/44 408/624/44
f 408/624/44 142/258/44 714/1220/44 712/1218/44
f 712/1218/44 714/1220/44 567/992/44 563/988/44
f 563/988/44 567/992/44 566/991/44 564/989/44
f 564/989/44 566/991/44 627/1093/44 625/1091/44
f 625/1091/44 627/1093/44 123/235/44 406/622/44
f 406/622/44 123/235/44 122/234/44 405/621/44
f 405/621/44 122/234/44 91/199/44 403/619/44
f 403/619/44 91/199/44 90/198/44 404/620/44
f 404/620/44 90/198/44 439/783/44 435/779/44
f 435/779/44 439/783/44 438/782/44 436/780/44
f 436/780/44 438/782/44 463/809/44 461/807/44
f 461/807/44 463/809/44 380/591/44 402/618/44
f 402/618/44 380/591/44 295/480/44 401/617/44
f 401/617/44 295/480/44 262/443/44 400/616/44
f 400/616/44 262/443/44 261/442/44 399/615/44
f 399/615/44 261/442/44 348/549/44 398/614/44
f 398/614/44 348/549/44 187/333/44 397/613/44
f 397/613/44 187/333/44 186/332/44 396/612/44
f 396/612/44 186/332/44 276/464/44 395/611/44
f 395/611/44 276/464/44 316/508/44 394/610/44
f 394/610/44 316/508/44 241/417/44 393/609/44
f 393/609/44 241/417/44 209/361/44 392/608/44
f 392/608/44 209/361/44 208/360/44 391/607/44
f 391/607/44 208/360/44 222/389/44 390/606/44
f 390/606/44 222/389/44 157/388/44 389/605/44
f 389/604/45 157/279/45 95/203/45 388/603/45
f 388/603/45 95/203/45 94/202/45 387/602/45
f 387/601/43 94/399/43 226/398/43 386/600/43
f 386/600/43 226/398/43 216/371/43 385/599/43
f 385/599/43 216/371/43 215/370/43 384/598/43
f 384/598/43 215/370/43 311/1343/43 383/597/43
f 383/597/43 311/1343/43 310/1344/43 424/642/43
f 424/642/43 310/1344/43 282/1345/43 423/641/43
f 423/641/43 282/1345/43 281/1346/43 422/640/43
f 422/640/43 281/1346/43 343/1347/43 421/639/43
f 421/639/43 343/1347/43 342/1348/43 420/638/43
f 420/638/43 342/1348/43 255/1349/43 419/637/43
f 419/637/43 255/1349/43 254/1350/43 418/636/43
f 418/636/43 254/1350/43 375/1351/43 417/635/43
f 417/635/43 375/1351/43 374/1352/43 416/634/43
f 416/634/43 374/1352/43 469/1353/43 471/821/43
f 471/821/43 469/1353/43 468/1354/43 449/795/43
f 449/795/43 468/1354/43 490/845/43 450/796/43
f 450/796/43 490/845/43 88/195/43 414/632/43
f 655/1355/59 653/1356/59 530/943/59 529/942/59
f 656/1357/47 655/1358/47 529/1359/47 658/1360/47
f 654/1134/60 656/1133/60 658/1136/60 657/1135/60
f 650/1361/47 649/1123/47 647/1362/47 533/1363/47
f 651/1125/63 650/1124/63 533/950/63 531/949/63
f 649/1123/64 652/1126/64 662/1143/64 647/1146/64
f 653/1129/63 651/1128/63 531/946/63 530/945/63
f 652/1127/64 654/1130/64 657/1139/64 662/1142/64
f 498/1364/59 497/1365/59 660/1138/59 659/1137/59
f 499/1366/47 498/1367/47 659/1368/47 592/1369/47
f 500/907/60 499/906/60 592/1047/60 590/1046/60
f 504/1370/47 503/912/47 505/1371/47 508/1372/47
f 502/914/63 504/913/63 508/1145/63 661/1144/63
f 503/912/65 501/915/65 588/1038/65 505/1041/65
f 497/910/63 502/909/63 661/1141/63 660/1140/63
f 501/908/65 500/911/65 590/1042/65 588/1045/65
f 688/1373/59 686/1374/59 591/1049/59 593/1048/59
f 689/1375/47 688/1376/47 593/1377/47 691/1378/47
f 687/1183/60 689/1182/60 691/1185/60 690/1184/60
f 686/1178/63 684/1177/63 589/1044/63 591/1043/63
f 685/1176/64 687/1179/65 690/1188/65 695/1191/64
f 683/1379/47 682/1172/47 680/1380/47 586/1381/47
f 684/1174/63 683/1173/63 586/1040/63 589/1039/63
f 682/1172/64 685/1175/64 695/1192/64 680/1195/64
f 596/1058/63 601/1057/63 694/1190/63 693/1189/63
f 600/1056/64 599/1059/64 135/253/64 140/256/64
f 597/1382/59 596/1383/59 693/1187/59 692/1186/59
f 598/1384/47 597/1385/47 692/1386/47 136/1387/47
f 599/1055/60 598/1054/60 136/250/60 135/249/60
f 603/1388/66 602/1060/66 144/1389/66 605/1390/66
f 601/1062/63 603/1061/63 605/1194/63 694/1193/63
f 602/1060/64 600/1063/64 140/293/64 144/296/64
f 721/1391/59 719/1392/59 138/252/59 137/251/59
f 722/1393/47 721/1394/47 137/1395/47 724/1396/47
f 720/1232/60 722/1231/60 724/1234/60 723/1233/60
f 719/1227/63 717/1226/63 139/255/63 138/254/63
f 718/1225/64 720/1228/64 723/1237/64 728/1240/64
f 716/1397/47 715/1221/47 713/1398/47 141/1399/47
f 717/1223/63 716/1222/63 141/295/63 139/294/63
f 715/1221/64 718/1224/64 728/1241/64 713/1244/64
f 575/1400/59 573/1401/59 726/1236/59 725/1235/59
f 576/1402/47 575/1403/47 725/1404/47 632/1405/47
f 574/1005/60 576/1004/60 632/1103/60 630/1102/60
f 573/1000/63 571/999/63 727/1239/63 726/1238/63
f 572/998/64 574/1001/64 630/1098/64 628/1101/64
f 570/1406/47 569/994/47 565/1407/47 568/1408/47
f 571/996/63 570/995/63 568/1243/63 727/1242/63
f 569/994/64 572/997/64 628/1094/64 565/1097/64
f 747/1324/59 745/1323/59 631/1105/59 633/1104/59
f 748/1409/47 747/1410/47 633/1411/47 167/1412/47
f 746/1326/60 748/1325/60 167/1413/60 166/1414/60
f 745/1321/63 743/1319/63 629/1100/63 631/1099/63
f 744/1320/64 746/1322/64 166/1415/64 155/1416/64
f 742/1417/47 741/1317/47 124/1418/47 626/1419/47
f 743/1319/63 742/1318/63 626/1096/63 629/1095/63
f 741/1317/64 744/1320/64 155/274/64 124/273/64
f 234/1420/52 233/1421/52 312/1422/52 311/1423/52
f 235/1424/47 234/1425/47 311/1426/47 215/1427/47
f 236/1428/50 235/1429/50 215/1430/50 213/1431/50
f 240/416/47 239/415/47 210/1432/47 242/1433/47
f 238/1434/67 240/1435/67 242/1436/67 313/1437/67
f 239/1438/68 237/1439/68 211/1440/68 210/1441/68
f 233/1442/67 238/1434/67 313/1437/67 312/1443/67
f 237/1439/68 236/1444/68 213/1445/68 211/1440/68
f 331/1446/54 329/1447/54 280/1448/54 282/1449/54
f 332/1450/47 331/1451/47 282/1452/47 310/1453/47
f 330/1454/53 332/1455/53 310/1456/53 309/1457/53
f 329/1458/67 327/1459/67 278/1460/67 280/1461/67
f 328/1462/69 330/1463/69 309/1464/69 314/1465/69
f 326/521/47 325/520/47 315/1466/47 275/1467/47
f 327/1459/67 326/1468/67 275/1469/67 278/1460/67
f 325/1470/69 328/1462/69 314/1465/69 315/1471/69
f 195/1472/52 193/1473/52 344/1474/52 343/1475/52
f 196/1476/47 195/1477/47 343/1478/47 281/1479/47
f 194/1480/53 196/1481/53 281/1482/53 279/1483/53
f 193/1484/70 191/1485/70 345/1486/70 344/1487/70
f 192/1488/69 194/1489/69 279/858/69 277/857/69
f 190/336/47 189/335/47 185/1490/47 188/1491/47
f 191/1485/70 190/1492/70 188/1493/70 345/1486/70
f 189/1494/69 192/1488/69 277/857/69 185/232/69
f 363/1495/54 361/1496/54 256/1497/54 255/1498/54
f 364/1499/47 363/1500/47 255/1501/47 342/1502/47
f 362/1503/50 364/1504/50 342/1505/50 341/1506/50
f 361/1507/67 359/1508/67 257/1509/67 256/1510/67
f 360/1511/69 362/1512/69 341/1510/69 346/1509/69
f 358/562/47 357/561/47 347/1513/47 259/1514/47
f 359/1508/67 358/1515/67 259/1516/67 257/1509/67
f 357/1517/69 360/1511/69 346/1509/69 347/1516/69
f 288/1518/54 287/1519/54 376/1520/54 375/1521/54
f 289/1522/47 288/1523/47 375/1524/47 254/1525/47
f 290/1526/50 289/1527/50 254/1528/50 253/1529/50
f 287/1530/67 292/1531/67 377/1532/67 376/1533/67
f 291/1534/69 290/1535/69 253/883/69 258/882/69
f 294/479/47 293/478/47 260/1536/47 296/1537/47
f 292/1531/67 294/1538/67 296/1539/67 377/1532/67
f 293/1540/69 291/1534/69 258/882/69 260/899/69
f 484/1541/52 482/1542/52 467/1543/52 469/1544/52
f 485/1545/47 484/1546/47 469/1547/47 374/1548/47
f 483/1549/53 485/1550/53 374/1551/53 373/1552/53
f 482/1553/67 480/1554/67 465/1555/67 467/1556/67
f 481/1557/69 483/1558/69 373/1559/69 378/1560/69
f 479/1561/47 478/830/47 379/1562/47 462/1563/47
f 480/1554/67 479/1564/67 462/1565/67 465/1555/67
f 478/1566/69 481/1557/69 378/1560/69 379/1567/69
f 447/1568/54 445/1569/54 491/1570/54 490/1571/54
f 448/1572/47 447/1573/47 490/1574/47 468/1575/47
f 446/1576/53 448/1577/53 468/1578/53 466/1579/53
f 445/1580/67 443/1581/67 492/1582/67 491/1583/67
f 444/1584/69 446/1585/69 466/1567/69 464/1586/69
f 442/786/47 441/785/47 437/1587/47 440/1588/47
f 443/1581/67 442/1589/67 440/1590/67 492/1582/67
f 441/1591/69 444/1584/69 464/1586/69 437/1592/69
f 749/1593/41 750/1594/41 751/1595/41 752/1596/41
f 753/1597/42 754/1598/42 755/1599/42 756/1600/42
f 750/1601/45 757/1602/45 758/1603/45 751/1604/45
f 752/1605/71 759/1606/71 760/1607/71 749/1593/71
f 749/1593/72 760/1608/72 757/1609/72 750/1594/72
f 753/1610/45 761/1611/45 762/1612/45 754/1613/45
f 754/1598/73 762/1614/73 763/1615/73 755/1599/73
f 755/1599/74 763/1616/74 764/1617/74 756/1618/74
f 758/1603/45 757/1602/45 762/1612/45 761/1611/45
f 763/1619/43 762/1620/43 757/1621/43 760/1622/43
f 764/1623/75 763/1624/75 760/1625/75 759/1626/75
f 752/1627/44 751/1628/44 753/1629/44 756/1630/44
f 765/1631/41 766/1632/41 767/1633/41 768/1634/41
f 769/1635/42 770/1636/42 771/1637/42 772/1638/42
f 773/1639/76 774/320/76 775/319/76 776/1640/76
f 777/1641/44 778/1642/44 779/1643/44 780/1644/44
f 780/1645/45 779/1646/45 774/1647/45 773/1648/45
f 776/1649/46 775/1650/46 778/1651/46 777/1652/46
f 781/1653/45 782/1654/45 783/1655/45 784/1656/45
f 784/1657/44 783/1658/44 785/1659/44 786/1660/44
f 786/1661/46 785/1662/46 787/1663/46 788/1664/46
f 788/1665/77 787/1666/77 782/1667/77 781/1668/77
f 784/1656/45 789/1669/45 790/1670/45 781/1653/45
f 786/1660/44 791/1671/44 789/1672/44 784/1657/44
f 788/1664/46 792/1673/46 791/1674/46 786/1661/46
f 781/1675/43 790/1676/43 792/1623/43 788/1626/43
f 773/1648/45 793/1677/45 794/1678/45 780/1645/45
f 776/1679/43 795/1680/43 793/1639/43 773/1640/43
f 777/1652/46 796/1681/46 795/1682/46 776/1649/46
f 780/1644/44 794/1683/44 796/1684/44 777/1641/44
f 797/1685/45 783/1655/45 782/1654/45 798/1686/45
f 798/1687/43 782/1688/43 787/1689/43 799/1690/43
f 799/1691/46 787/1663/46 785/1662/46 800/1692/46
f 800/1693/44 785/1659/44 783/1658/44 797/1694/44
f 766/1695/45 790/1670/45 789/1669/45 767/1696/45
f 767/567/44 789/1672/44 791/1671/44 768/1697/44
f 768/1698/46 791/1674/46 792/1673/46 765/1699/46
f 765/1631/78 792/1700/78 790/1701/78 766/1632/78
f 798/1686/45 774/1647/45 779/1646/45 797/1685/45
f 797/1694/44 779/1643/44 778/1642/44 800/1693/44
f 800/1692/46 778/1651/46 775/1650/46 799/1691/46
f 799/1690/43 775/1702/43 774/1703/43 798/1687/43
f 769/1704/45 794/1678/45 793/1677/45 770/1705/45
f 770/1636/79 793/1706/79 795/1707/79 771/1637/79
f 771/1708/46 795/1682/46 796/1681/46 772/1709/46
f 772/1710/44 796/1684/44 794/1683/44 769/1711/44
usemtl Material
f 115/225/43 116/226/43 117/227/43 118/228/43
f 118/229/41 119/230/41 120/231/41 115/232/41
f 120/301/43 119/302/43 156/303/43 155/304/43
f 168/1338/43 117/227/43 116/226/43 169/1339/43
o Cargador
v -0.002209 -0.066553 0.014438
v 0.000292 -0.059275 0.014438
v -0.051032 -0.057577 0.014438
v -0.053183 -0.064846 0.014438
v -0.053803 -0.064885 -0.013266
v -0.051607 -0.057614 -0.013266
v 0.000292 -0.059275 -0.013266
v -0.002209 -0.066553 -0.013266
v -0.020518 0.023960 -0.006725
v -0.020518 0.023960 0.007897
v 0.025719 0.023563 0.007897
v 0.025719 0.023563 -0.006725
v -0.002135 -0.074524 0.014438
v -0.054996 -0.073576 0.014438
v -0.055672 -0.073619 -0.013266
v -0.002135 -0.074524 -0.013266
v -0.019780 0.031854 0.007512
v -0.019780 0.031854 -0.006340
v -0.024460 0.032251 -0.013266
v -0.024460 0.032251 0.014438
v 0.026520 0.031060 0.007512
v 0.031200 0.030663 0.014438
v 0.026520 0.031060 -0.006340
v 0.031200 0.030663 -0.013266
v -0.002209 -0.066553 -0.014036
v -0.002172 -0.070539 -0.014036
v -0.054738 -0.069252 -0.014036
v -0.053803 -0.064885 -0.014036
v 0.000869 -0.066488 0.013669
v 0.000906 -0.069703 0.013669
v 0.000906 -0.069703 -0.012497
v 0.000869 -0.066488 -0.012497
v -0.053183 -0.064846 0.015208
v -0.054089 -0.069211 0.015208
v -0.002172 -0.070539 0.015208
v -0.002209 -0.066553 0.015208
v -0.054411 -0.064860 -0.013100
v -0.056884 -0.069227 -0.012330
v -0.056235 -0.069186 0.013835
v -0.053790 -0.064820 0.014605
v -0.055672 -0.073619 -0.014036
v -0.002135 -0.074524 -0.014036
v -0.002135 -0.074524 0.015208
v -0.054996 -0.073576 0.015208
v -0.056372 -0.073551 0.013066
v -0.057049 -0.073594 -0.011561
v 0.000943 -0.072919 -0.012497
v 0.000943 -0.072919 0.013669
v -0.054738 -0.069252 -0.013266
vn -0.0000 -0.0000 1.0000
vn -0.0000 -0.0000 -1.0000
vn 0.0086 1.0000 -0.0000
vn -0.0182 -0.9998 0.0015
vn -0.0168 -0.9999 0.0017
vn -0.0164 -0.9999 0.0019
vn -0.0177 -0.9998 0.0016
vn -0.9587 0.2836 0.0195
vn -0.9579 0.2864 0.0203
vn -0.9587 0.2837 0.0195
vn 0.9457 -0.3250 -0.0000
vn 0.0845 0.9964 -0.0000
vn 0.0171 0.9988 -0.0457
vn 0.9957 -0.0931 -0.0000
vn -0.0004 -0.0486 -0.9988
vn -0.9943 0.1062 -0.0000
vn -0.0004 -0.0512 0.9987
vn 0.9999 0.0116 -0.0000
vn -0.8684 0.4955 0.0207
vn -0.8683 0.4955 0.0207
vn -0.9571 0.2891 0.0194
vn 0.0323 0.9995 -0.0000
vn 0.0398 0.9992 -0.0000
vn 0.0326 0.9995 -0.0000
vn -0.0169 -0.9999 -0.0000
vn 0.0406 0.9992 -0.0000
vn 0.0335 0.9994 -0.0000
vn 0.0407 0.9992 0.0023
vn -0.0179 -0.9998 -0.0000
vn -0.0180 -0.9998 -0.0000
vn 0.0409 0.9992 -0.0023
vn 0.0419 0.9991 -0.0003
vn -0.0162 -0.9999 0.0006
vn -0.0156 -0.9999 0.0022
vn -0.0212 0.9998 -0.0000
vn 0.4623 -0.8867 -0.0000
vn 0.4464 0.0042 0.8948
vn 0.4462 0.0046 0.8949
vn 0.4463 0.0046 0.8949
vn 0.4461 0.0052 -0.8950
vn 0.4463 0.0046 -0.8949
vn 0.4462 0.0046 -0.8949
vn -0.9993 0.0270 0.0247
vn -0.3970 -0.1447 -0.9063
vn -0.3970 -0.1448 -0.9063
vn -0.9779 0.2092 -0.0000
vn 0.4462 0.0043 -0.8949
vn 0.4461 0.0051 0.8950
vn 0.0414 0.9991 -0.0000
vn 0.6158 -0.1318 0.7768
vn 0.9972 -0.0743 -0.0000
vn -0.0183 -0.9998 -0.0000
vn -0.6158 0.1317 -0.7768
vn -0.6158 0.1318 -0.7768
vn -0.5314 0.1507 0.8336
vn -0.5353 -0.1304 0.8346
vt 0.109375 0.431910
vt 0.109375 0.447535
vt 0.008254 0.416928
vt 0.008921 0.401552
vt 0.381663 0.899831
vt 0.397076 0.899251
vt 0.428133 1.000000
vt 0.412508 1.000000
vt 0.343750 0.234375
vt 0.375000 0.234375
vt 0.375000 0.328125
vt 0.343750 0.328125
vt 0.203125 0.406250
vt 0.095119 0.406250
vt 0.093750 0.343750
vt 0.203125 0.343750
vt 0.343750 0.347083
vt 0.343750 0.362474
vt 0.281250 0.362072
vt 0.281250 0.346648
vt 0.484375 0.519334
vt 0.484375 0.535433
vt 0.421875 0.535433
vt 0.421875 0.519334
vt 0.654609 0.568263
vt 0.626484 0.568263
vt 0.612421 0.558728
vt 0.668671 0.558728
vt 0.654754 0.662283
vt 0.668672 0.558727
vt 0.668788 0.671775
vt 0.626629 0.662319
vt 0.668829 0.671803
vt 0.612579 0.671875
vt 0.626520 0.662283
vt 0.612448 0.671803
vt 0.612462 0.558755
vt 0.219531 0.875000
vt 0.249219 0.875000
vt 0.248437 0.890625
vt 0.220313 0.890625
vt 0.195096 0.297005
vt 0.195096 0.203125
vt 0.211154 0.204484
vt 0.210352 0.298502
vt 0.047656 0.859375
vt 0.077344 0.859375
vt 0.076563 0.875000
vt 0.048437 0.875000
vt 0.585124 0.296875
vt 0.679004 0.296875
vt 0.680501 0.311696
vt 0.586485 0.312500
vt 0.403125 1.000000
vt 0.372408 0.900180
vt 0.421875 0.509667
vt 0.484375 0.509667
vt 0.009322 0.392318
vt 0.109375 0.422527
vt 0.281250 0.337387
vt 0.343750 0.337841
vt 0.621223 1.000000
vt 0.587542 0.892076
vt 0.281250 0.552670
vt 0.343750 0.552670
vt 0.000000 0.606944
vt 0.109375 0.640625
vt 0.421875 0.734375
vt 0.484375 0.734375
vt 0.187500 1.000000
vt 0.187500 0.895191
vt 0.203125 0.895191
vt 0.203125 1.000000
vt 0.203125 0.891247
vt 0.187500 0.891247
vt 0.046875 0.662072
vt 0.046875 0.765625
vt 0.031250 0.765625
vt 0.031250 0.662072
vt 0.015625 0.750000
vt 0.015625 0.642617
vt 0.031250 0.642617
vt 0.031250 0.750000
vt 0.125000 0.671875
vt 0.181264 0.671875
vt 0.181263 0.687500
vt 0.125000 0.687500
vt 0.156250 0.703094
vt 0.156250 0.646827
vt 0.171875 0.646858
vt 0.171875 0.703125
vt 0.259375 0.765625
vt 0.203125 0.765625
vt 0.203125 0.750000
vt 0.259375 0.750000
vt 0.203125 0.734375
vt 0.259375 0.734375
vt 0.000000 0.993750
vt 0.001563 0.993750
vt 0.000000 1.000000
vt 0.000000 0.992953
vt 0.001563 0.992953
vt 0.001563 1.000000
vt 0.000034 0.999940
vt 0.000017 0.991847
vt 0.006477 0.993470
vt 0.006477 1.000000
vt 0.016245 1.000000
vt 0.009715 1.000000
vt 0.008093 0.993540
vt 0.016185 0.993557
vt 0.343750 0.328598
vt 0.281250 0.328125
vt 0.140625 0.671764
vt 0.149692 0.671819
vt 0.149692 0.687445
vt 0.140625 0.687389
vt 0.187500 0.934992
vt 0.187500 0.944059
vt 0.171875 0.944059
vt 0.171875 0.934992
vt 0.363152 0.900529
vt 0.393742 1.000000
vt 0.000000 0.993523
vt 0.003185 1.000000
vt 0.484375 0.500000
vt 0.421875 0.500000
vt 0.006477 0.986940
vt 0.000000 0.983755
vt 0.109375 0.413144
vt 0.009724 0.383085
vt 0.001900 0.998767
vt 0.001900 1.000000
vt 0.000338 1.000000
vt 0.000000 0.997205
vt 0.008917 0.995247
vt 0.008917 1.000000
vt 0.000000 0.998359
vt 0.000067 0.995036
vt 0.000338 0.998766
vt 0.002927 0.999875
vt 0.000000 0.990147
vt 0.004448 0.990986
vt 0.004448 1.000000
vt 0.001225 0.997205
vt 0.004692 1.000000
vt 0.000165 1.000000
vt 0.000000 0.991134
vt 0.003023 0.991115
s 1
usemtl none
f 801/1712/80 802/1713/80 803/1714/80 804/1715/80
f 805/1716/81 806/1717/81 807/1718/81 808/1719/81
f 809/1720/82 810/1721/82 811/1722/82 812/1723/82
f 813/1724/83 814/1725/84 815/1726/85 816/1727/86
f 804/1728/87 803/1729/88 806/1730/88 805/1731/89
f 808/1732/90 807/1733/90 802/1734/90 801/1735/90
f 817/1736/91 818/1737/91 819/1738/91 820/1739/91
f 821/1740/92 817/1736/92 820/1741/92 822/1742/92
f 823/1743/91 821/1740/91 822/1744/91 824/1745/91
f 818/1737/92 823/1746/92 824/1747/92 819/1748/92
f 810/1749/93 809/1750/93 818/1751/93 817/1752/93
f 811/1753/94 810/1754/94 817/1755/94 821/1756/94
f 812/1757/95 811/1758/95 821/1759/95 823/1760/95
f 809/1761/96 812/1762/96 823/1763/96 818/1764/96
f 825/1719/81 826/1765/81 827/1766/81 828/1716/81
f 829/1735/97 830/1767/97 831/1768/97 832/1732/97
f 833/1715/80 834/1769/80 835/1770/80 836/1712/80
f 837/1731/98 838/1771/99 839/1772/98 840/1728/99
f 824/1773/81 807/1718/81 806/1717/81 819/1774/81
f 819/1775/100 806/1730/88 803/1729/88 820/1776/100
f 820/1777/80 803/1714/80 802/1713/80 822/1778/80
f 822/1779/90 802/1734/90 807/1733/90 824/1780/90
f 825/1781/101 828/1782/102 805/1783/103 808/1784/101
f 841/1785/104 842/1784/104 816/1781/86 815/1786/85
f 833/1787/105 836/1788/106 801/1789/106 804/1790/107
f 843/1791/108 844/1792/109 814/1793/84 813/1794/83
f 837/1795/110 840/1796/111 804/1797/107 805/1798/110
f 845/1799/112 846/1800/113 815/1801/85 814/1802/84
f 829/1803/114 832/1804/114 808/1805/114 801/1806/114
f 847/1806/115 848/1805/115 813/1807/115 816/1808/115
f 801/1809/114 836/1810/114 829/1811/114
f 843/1812/115 813/1813/115 848/1814/115
f 836/1815/116 835/1816/117 830/1817/118 829/1818/116
f 825/1809/114 808/1810/114 832/1814/114
f 842/1813/115 847/1811/115 816/1812/115
f 832/1819/119 831/1820/120 826/1821/121 825/1822/119
f 845/1823/122 839/1772/122 838/1771/122 846/1824/122
f 846/1825/123 838/1826/123 849/1827/124 815/1828/123
f 815/1829/125 849/1830/125 827/1831/125 841/1832/125
f 841/1833/81 827/1766/81 826/1765/81 842/1834/81
f 842/1835/126 826/1821/121 831/1820/120 847/1836/126
f 847/1837/97 831/1768/97 830/1767/97 848/1838/97
f 848/1839/127 830/1817/118 835/1816/117 843/1840/127
f 843/1841/80 835/1770/80 834/1769/80 844/1842/80
f 837/1843/128 805/1814/103 828/1811/102
f 838/1811/129 827/1811/129 828/1811/129 837/1811/129
f 837/1811/130 849/1811/130 827/1811/130
f 841/1844/131 815/1845/131 846/1846/131
f 838/1847/132 827/1848/133 841/1849/133 846/1850/133
f 804/1811/107 840/1851/111 833/1814/105
f 840/1852/134 839/1853/134 834/1854/134 833/1855/134
f 845/1856/112 814/1814/84 844/1811/109
f 834/1857/135 839/1858/135 845/1859/135 844/1860/135
o Gatillo
v 0.038525 0.034911 0.003664
v 0.045259 0.024787 0.003664
v 0.049353 0.030944 0.003664
v 0.045698 0.042607 0.003664
v 0.045698 0.042607 -0.004031
v 0.049353 0.030944 -0.004031
v 0.045259 0.024787 -0.004031
v 0.038525 0.034911 -0.004031
v 0.059165 0.020820 0.001356
v 0.055840 0.016972 0.001356
v 0.055840 0.016972 -0.001723
v 0.059165 0.020820 -0.001723
v 0.038964 0.054270 -0.004031
v 0.038964 0.054270 0.003664
v 0.033331 0.046574 -0.004031
v 0.033331 0.046574 0.003664
v 0.053490 0.025112 0.002895
v 0.053490 0.025112 -0.003262
v 0.051704 0.018956 0.002895
v 0.051704 0.018956 -0.003262
vn -0.0000 -0.0000 1.0000
vn -0.0000 -0.0000 -1.0000
vn 0.7567 -0.6538 -0.0000
vn -0.8326 -0.5538 -0.0000
vn 0.9542 0.2991 -0.0000
vn 0.8660 0.5000 -0.0000
vn -0.9135 -0.4069 -0.0000
vn -0.8069 0.5907 -0.0000
vn 0.8156 0.5786 -0.0000
vn 0.0941 -0.0273 0.9952
vn -0.6709 -0.7415 -0.0000
vn 0.1308 -0.0379 -0.9907
vn 0.6032 0.7976 -0.0000
vn 0.2167 -0.0628 0.9742
vn 0.2167 -0.0629 0.9742
vn -0.4324 -0.9017 -0.0000
vn 0.3092 -0.0897 -0.9467
vn 0.3093 -0.0897 -0.9467
vt 0.004492 0.278906
vt 0.006054 0.254269
vt 0.019504 0.260938
vt 0.024917 0.285156
vt 0.037537 0.285156
vt 0.042950 0.260938
vt 0.056400 0.254269
vt 0.057962 0.278906
vt 0.406250 0.281250
vt 0.406250 0.265625
vt 0.421875 0.265625
vt 0.421875 0.281250
vt 0.000000 0.973522
vt 0.000000 0.948836
vt 0.015625 0.948836
vt 0.015625 0.973522
vt 0.109375 0.535156
vt 0.109375 0.510339
vt 0.125000 0.510339
vt 0.125000 0.535156
vt 0.125000 0.562500
vt 0.109375 0.562500
vt 0.055256 0.304688
vt 0.037537 0.312500
vt 0.015625 0.999445
vt 0.000000 0.999445
vt 0.024917 0.312500
vt 0.007198 0.304688
vt 0.437500 0.265625
vt 0.437500 0.281250
vt 0.110937 0.495823
vt 0.123438 0.495823
vt 0.006061 0.254272
vt 0.011504 0.237412
vt 0.020906 0.246412
vt 0.001563 0.931189
vt 0.014062 0.931189
vt 0.042961 0.260932
vt 0.041575 0.246398
vt 0.050988 0.237411
vt 0.120312 0.481377
vt 0.114063 0.481377
vt 0.026758 0.232837
vt 0.011504 0.237412
vt 0.017078 0.229379
vt 0.010937 0.921875
vt 0.004688 0.921875
vt 0.045392 0.229337
vt 0.041574 0.246398
vt 0.035788 0.232867
s 1
usemtl none
f 850/1861/136 851/1862/136 852/1863/136 853/1864/136
f 854/1865/137 855/1866/137 856/1867/137 857/1868/137
f 858/1869/138 859/1870/138 860/1871/138 861/1872/138
f 857/1873/139 856/1874/139 851/1875/139 850/1876/139
f 853/1877/140 852/1878/140 855/1879/140 854/1880/140
f 854/1880/141 862/1881/141 863/1882/141 853/1877/141
f 857/1868/137 864/1883/137 862/1884/137 854/1865/137
f 850/1876/142 865/1885/142 864/1886/142 857/1873/142
f 853/1864/136 863/1887/136 865/1888/136 850/1861/136
f 864/1871/143 865/1889/143 863/1890/143 862/1872/143
f 852/1878/144 866/1891/144 867/1892/144 855/1879/144
f 851/1893/145 868/1894/145 866/1895/145 852/1863/145
f 856/1874/146 869/1896/146 868/1897/146 851/1875/146
f 855/1898/147 867/1899/147 869/1900/147 856/1867/147
f 861/1901/148 867/1892/148 866/1891/148 858/1902/148
f 858/1903/149 866/1895/150 868/1904/150 859/1905/149
f 859/1906/151 868/1897/151 869/1896/151 860/1907/151
f 860/1908/152 869/1900/152 867/1909/153 861/1910/152
